CN,PLT_CN,STATECD,UNITCD,COUNTYCD,PLOT,INVYR,SUBP,CONDID,GROWTH_HABIT_CD,LAYER,COVER_PCT,CREATED_DATE,MODIFIED_DATE,CYCLE,SUBCYCLE
251775611489998,14527745020004,44,1,7,169.0,2013,1.0,1,FB,1,8,2014-04-22 07:26:09,,7,1
251775612489998,14527745020004,44,1,7,169.0,2013,1.0,1,FB,2,0,2014-04-22 07:26:09,,7,1
251775613489998,14527745020004,44,1,7,169.0,2013,1.0,1,FB,3,0,2014-04-22 07:26:09,,7,1
251775614489998,14527745020004,44,1,7,169.0,2013,1.0,1,FB,4,0,2014-04-22 07:26:09,,7,1
251775615489998,14527745020004,44,1,7,169.0,2013,1.0,1,FB,5,8,2014-04-22 07:26:09,,7,1
251775616489998,14527745020004,44,1,7,169.0,2013,1.0,1,GR,1,40,2014-04-22 07:26:09,,7,1
251775617489998,14527745020004,44,1,7,169.0,2013,1.0,1,GR,2,0,2014-04-22 07:26:09,,7,1
251775618489998,14527745020004,44,1,7,169.0,2013,1.0,1,GR,3,0,2014-04-22 07:26:09,,7,1
251775619489998,14527745020004,44,1,7,169.0,2013,1.0,1,GR,4,0,2014-04-22 07:26:09,,7,1
251775620489998,14527745020004,44,1,7,169.0,2013,1.0,1,GR,5,40,2014-04-22 07:26:09,,7,1
251775601489998,14527745020004,44,1,7,169.0,2013,1.0,1,NT,1,0,2014-04-22 07:26:09,,7,1
251775602489998,14527745020004,44,1,7,169.0,2013,1.0,1,NT,2,0,2014-04-22 07:26:09,,7,1
251775603489998,14527745020004,44,1,7,169.0,2013,1.0,1,NT,3,0,2014-04-22 07:26:09,,7,1
251775604489998,14527745020004,44,1,7,169.0,2013,1.0,1,NT,4,0,2014-04-22 07:26:09,,7,1
251775605489998,14527745020004,44,1,7,169.0,2013,1.0,1,NT,5,0,2014-04-22 07:26:09,,7,1
251775606489998,14527745020004,44,1,7,169.0,2013,1.0,1,SH,1,2,2014-04-22 07:26:09,,7,1
251775607489998,14527745020004,44,1,7,169.0,2013,1.0,1,SH,2,0,2014-04-22 07:26:09,,7,1
251775608489998,14527745020004,44,1,7,169.0,2013,1.0,1,SH,3,0,2014-04-22 07:26:09,,7,1
251775609489998,14527745020004,44,1,7,169.0,2013,1.0,1,SH,4,0,2014-04-22 07:26:09,,7,1
251775610489998,14527745020004,44,1,7,169.0,2013,1.0,1,SH,5,2,2014-04-22 07:26:09,,7,1
251775596489998,14527745020004,44,1,7,169.0,2013,1.0,1,TT,1,25,2014-04-22 07:26:09,,7,1
251775597489998,14527745020004,44,1,7,169.0,2013,1.0,1,TT,2,10,2014-04-22 07:26:09,,7,1
251775598489998,14527745020004,44,1,7,169.0,2013,1.0,1,TT,3,5,2014-04-22 07:26:09,,7,1
251775599489998,14527745020004,44,1,7,169.0,2013,1.0,1,TT,4,58,2014-04-22 07:26:09,,7,1
251775600489998,14527745020004,44,1,7,169.0,2013,1.0,1,TT,5,78,2014-04-22 07:26:09,,7,1
251775641489998,14527745020004,44,1,7,169.0,2013,2.0,1,FB,1,3,2014-04-22 07:26:09,,7,1
251775642489998,14527745020004,44,1,7,169.0,2013,2.0,1,FB,2,0,2014-04-22 07:26:09,,7,1
251775643489998,14527745020004,44,1,7,169.0,2013,2.0,1,FB,3,0,2014-04-22 07:26:09,,7,1
251775644489998,14527745020004,44,1,7,169.0,2013,2.0,1,FB,4,0,2014-04-22 07:26:09,,7,1
251775645489998,14527745020004,44,1,7,169.0,2013,2.0,1,FB,5,3,2014-04-22 07:26:09,,7,1
251775646489998,14527745020004,44,1,7,169.0,2013,2.0,1,GR,1,2,2014-04-22 07:26:09,,7,1
251775647489998,14527745020004,44,1,7,169.0,2013,2.0,1,GR,2,0,2014-04-22 07:26:09,,7,1
251775648489998,14527745020004,44,1,7,169.0,2013,2.0,1,GR,3,0,2014-04-22 07:26:09,,7,1
251775649489998,14527745020004,44,1,7,169.0,2013,2.0,1,GR,4,0,2014-04-22 07:26:09,,7,1
251775650489998,14527745020004,44,1,7,169.0,2013,2.0,1,GR,5,2,2014-04-22 07:26:09,,7,1
251775631489998,14527745020004,44,1,7,169.0,2013,2.0,1,NT,1,0,2014-04-22 07:26:09,,7,1
251775632489998,14527745020004,44,1,7,169.0,2013,2.0,1,NT,2,0,2014-04-22 07:26:09,,7,1
251775633489998,14527745020004,44,1,7,169.0,2013,2.0,1,NT,3,0,2014-04-22 07:26:09,,7,1
251775634489998,14527745020004,44,1,7,169.0,2013,2.0,1,NT,4,0,2014-04-22 07:26:09,,7,1
251775635489998,14527745020004,44,1,7,169.0,2013,2.0,1,NT,5,0,2014-04-22 07:26:09,,7,1
251775636489998,14527745020004,44,1,7,169.0,2013,2.0,1,SH,1,7,2014-04-22 07:26:09,,7,1
251775637489998,14527745020004,44,1,7,169.0,2013,2.0,1,SH,2,1,2014-04-22 07:26:09,,7,1
251775638489998,14527745020004,44,1,7,169.0,2013,2.0,1,SH,3,2,2014-04-22 07:26:09,,7,1
251775639489998,14527745020004,44,1,7,169.0,2013,2.0,1,SH,4,0,2014-04-22 07:26:09,,7,1
251775640489998,14527745020004,44,1,7,169.0,2013,2.0,1,SH,5,7,2014-04-22 07:26:09,,7,1
251775626489998,14527745020004,44,1,7,169.0,2013,2.0,1,TT,1,14,2014-04-22 07:26:09,,7,1
251775627489998,14527745020004,44,1,7,169.0,2013,2.0,1,TT,2,3,2014-04-22 07:26:09,,7,1
251775628489998,14527745020004,44,1,7,169.0,2013,2.0,1,TT,3,6,2014-04-22 07:26:09,,7,1
251775629489998,14527745020004,44,1,7,169.0,2013,2.0,1,TT,4,62,2014-04-22 07:26:09,,7,1
251775630489998,14527745020004,44,1,7,169.0,2013,2.0,1,TT,5,78,2014-04-22 07:26:09,,7,1
251775671489998,14527745020004,44,1,7,169.0,2013,3.0,1,FB,1,40,2014-04-22 07:26:09,,7,1
251775672489998,14527745020004,44,1,7,169.0,2013,3.0,1,FB,2,1,2014-04-22 07:26:09,,7,1
251775673489998,14527745020004,44,1,7,169.0,2013,3.0,1,FB,3,0,2014-04-22 07:26:09,,7,1
251775674489998,14527745020004,44,1,7,169.0,2013,3.0,1,FB,4,0,2014-04-22 07:26:09,,7,1
251775675489998,14527745020004,44,1,7,169.0,2013,3.0,1,FB,5,40,2014-04-22 07:26:09,,7,1
251775676489998,14527745020004,44,1,7,169.0,2013,3.0,1,GR,1,0,2014-04-22 07:26:09,,7,1
251775677489998,14527745020004,44,1,7,169.0,2013,3.0,1,GR,2,0,2014-04-22 07:26:09,,7,1
251775678489998,14527745020004,44,1,7,169.0,2013,3.0,1,GR,3,0,2014-04-22 07:26:09,,7,1
251775679489998,14527745020004,44,1,7,169.0,2013,3.0,1,GR,4,0,2014-04-22 07:26:09,,7,1
251775680489998,14527745020004,44,1,7,169.0,2013,3.0,1,GR,5,0,2014-04-22 07:26:09,,7,1
251775661489998,14527745020004,44,1,7,169.0,2013,3.0,1,NT,1,2,2014-04-22 07:26:09,,7,1
251775662489998,14527745020004,44,1,7,169.0,2013,3.0,1,NT,2,4,2014-04-22 07:26:09,,7,1
251775663489998,14527745020004,44,1,7,169.0,2013,3.0,1,NT,3,18,2014-04-22 07:26:09,,7,1
251775664489998,14527745020004,44,1,7,169.0,2013,3.0,1,NT,4,0,2014-04-22 07:26:09,,7,1
251775665489998,14527745020004,44,1,7,169.0,2013,3.0,1,NT,5,20,2014-04-22 07:26:09,,7,1
251775666489998,14527745020004,44,1,7,169.0,2013,3.0,1,SH,1,70,2014-04-22 07:26:09,,7,1
251775667489998,14527745020004,44,1,7,169.0,2013,3.0,1,SH,2,10,2014-04-22 07:26:09,,7,1
251775668489998,14527745020004,44,1,7,169.0,2013,3.0,1,SH,3,2,2014-04-22 07:26:09,,7,1
251775669489998,14527745020004,44,1,7,169.0,2013,3.0,1,SH,4,0,2014-04-22 07:26:09,,7,1
251775670489998,14527745020004,44,1,7,169.0,2013,3.0,1,SH,5,75,2014-04-22 07:26:09,,7,1
251775656489998,14527745020004,44,1,7,169.0,2013,3.0,1,TT,1,2,2014-04-22 07:26:09,,7,1
251775657489998,14527745020004,44,1,7,169.0,2013,3.0,1,TT,2,4,2014-04-22 07:26:09,,7,1
251775658489998,14527745020004,44,1,7,169.0,2013,3.0,1,TT,3,3,2014-04-22 07:26:09,,7,1
251775659489998,14527745020004,44,1,7,169.0,2013,3.0,1,TT,4,35,2014-04-22 07:26:09,,7,1
251775660489998,14527745020004,44,1,7,169.0,2013,3.0,1,TT,5,40,2014-04-22 07:26:09,,7,1
251775701489998,14527745020004,44,1,7,169.0,2013,4.0,1,FB,1,4,2014-04-22 07:26:09,,7,1
251775702489998,14527745020004,44,1,7,169.0,2013,4.0,1,FB,2,0,2014-04-22 07:26:09,,7,1
251775703489998,14527745020004,44,1,7,169.0,2013,4.0,1,FB,3,0,2014-04-22 07:26:09,,7,1
251775704489998,14527745020004,44,1,7,169.0,2013,4.0,1,FB,4,0,2014-04-22 07:26:09,,7,1
251775705489998,14527745020004,44,1,7,169.0,2013,4.0,1,FB,5,4,2014-04-22 07:26:09,,7,1
251775706489998,14527745020004,44,1,7,169.0,2013,4.0,1,GR,1,4,2014-04-22 07:26:09,,7,1
251775707489998,14527745020004,44,1,7,169.0,2013,4.0,1,GR,2,0,2014-04-22 07:26:09,,7,1
251775708489998,14527745020004,44,1,7,169.0,2013,4.0,1,GR,3,0,2014-04-22 07:26:09,,7,1
251775709489998,14527745020004,44,1,7,169.0,2013,4.0,1,GR,4,0,2014-04-22 07:26:09,,7,1
251775710489998,14527745020004,44,1,7,169.0,2013,4.0,1,GR,5,4,2014-04-22 07:26:09,,7,1
251775691489998,14527745020004,44,1,7,169.0,2013,4.0,1,NT,1,0,2014-04-22 07:26:09,,7,1
251775692489998,14527745020004,44,1,7,169.0,2013,4.0,1,NT,2,0,2014-04-22 07:26:09,,7,1
251775693489998,14527745020004,44,1,7,169.0,2013,4.0,1,NT,3,0,2014-04-22 07:26:09,,7,1
251775694489998,14527745020004,44,1,7,169.0,2013,4.0,1,NT,4,0,2014-04-22 07:26:09,,7,1
251775695489998,14527745020004,44,1,7,169.0,2013,4.0,1,NT,5,0,2014-04-22 07:26:09,,7,1
251775696489998,14527745020004,44,1,7,169.0,2013,4.0,1,SH,1,12,2014-04-22 07:26:09,,7,1
251775697489998,14527745020004,44,1,7,169.0,2013,4.0,1,SH,2,1,2014-04-22 07:26:09,,7,1
251775698489998,14527745020004,44,1,7,169.0,2013,4.0,1,SH,3,0,2014-04-22 07:26:09,,7,1
251775699489998,14527745020004,44,1,7,169.0,2013,4.0,1,SH,4,0,2014-04-22 07:26:09,,7,1
251775700489998,14527745020004,44,1,7,169.0,2013,4.0,1,SH,5,13,2014-04-22 07:26:09,,7,1
251775686489998,14527745020004,44,1,7,169.0,2013,4.0,1,TT,1,3,2014-04-22 07:26:09,,7,1
251775687489998,14527745020004,44,1,7,169.0,2013,4.0,1,TT,2,1,2014-04-22 07:26:09,,7,1
251775688489998,14527745020004,44,1,7,169.0,2013,4.0,1,TT,3,14,2014-04-22 07:26:09,,7,1
251775689489998,14527745020004,44,1,7,169.0,2013,4.0,1,TT,4,80,2014-04-22 07:26:09,,7,1
251775690489998,14527745020004,44,1,7,169.0,2013,4.0,1,TT,5,87,2014-04-22 07:26:09,,7,1
306589592489998,168263198020004,44,1,3,135.0,2014,1.0,1,FB,1,1,2015-02-23 09:08:34,,7,2
306589593489998,168263198020004,44,1,3,135.0,2014,1.0,1,FB,2,0,2015-02-23 09:08:34,,7,2
306589594489998,168263198020004,44,1,3,135.0,2014,1.0,1,FB,3,0,2015-02-23 09:08:34,,7,2
306589595489998,168263198020004,44,1,3,135.0,2014,1.0,1,FB,4,0,2015-02-23 09:08:34,,7,2
306589596489998,168263198020004,44,1,3,135.0,2014,1.0,1,FB,5,1,2015-02-23 09:08:34,,7,2
306589597489998,168263198020004,44,1,3,135.0,2014,1.0,1,GR,1,1,2015-02-23 09:08:34,,7,2
306589598489998,168263198020004,44,1,3,135.0,2014,1.0,1,GR,2,0,2015-02-23 09:08:34,,7,2
306589599489998,168263198020004,44,1,3,135.0,2014,1.0,1,GR,3,0,2015-02-23 09:08:34,,7,2
306589600489998,168263198020004,44,1,3,135.0,2014,1.0,1,GR,4,0,2015-02-23 09:08:34,,7,2
306589601489998,168263198020004,44,1,3,135.0,2014,1.0,1,GR,5,1,2015-02-23 09:08:34,,7,2
306589582489998,168263198020004,44,1,3,135.0,2014,1.0,1,NT,1,0,2015-02-23 09:08:34,,7,2
306589583489998,168263198020004,44,1,3,135.0,2014,1.0,1,NT,2,0,2015-02-23 09:08:34,,7,2
306589584489998,168263198020004,44,1,3,135.0,2014,1.0,1,NT,3,0,2015-02-23 09:08:34,,7,2
306589585489998,168263198020004,44,1,3,135.0,2014,1.0,1,NT,4,0,2015-02-23 09:08:34,,7,2
306589586489998,168263198020004,44,1,3,135.0,2014,1.0,1,NT,5,0,2015-02-23 09:08:34,,7,2
306589587489998,168263198020004,44,1,3,135.0,2014,1.0,1,SH,1,1,2015-02-23 09:08:34,,7,2
306589588489998,168263198020004,44,1,3,135.0,2014,1.0,1,SH,2,35,2015-02-23 09:08:34,,7,2
306589589489998,168263198020004,44,1,3,135.0,2014,1.0,1,SH,3,10,2015-02-23 09:08:34,,7,2
306589590489998,168263198020004,44,1,3,135.0,2014,1.0,1,SH,4,0,2015-02-23 09:08:34,,7,2
306589591489998,168263198020004,44,1,3,135.0,2014,1.0,1,SH,5,40,2015-02-23 09:08:34,,7,2
306589577489998,168263198020004,44,1,3,135.0,2014,1.0,1,TT,1,5,2015-02-23 09:08:34,,7,2
306589578489998,168263198020004,44,1,3,135.0,2014,1.0,1,TT,2,9,2015-02-23 09:08:34,,7,2
306589579489998,168263198020004,44,1,3,135.0,2014,1.0,1,TT,3,28,2015-02-23 09:08:34,,7,2
306589580489998,168263198020004,44,1,3,135.0,2014,1.0,1,TT,4,89,2015-02-23 09:08:34,,7,2
306589581489998,168263198020004,44,1,3,135.0,2014,1.0,1,TT,5,90,2015-02-23 09:08:34,,7,2
306589622489998,168263198020004,44,1,3,135.0,2014,2.0,1,FB,1,1,2015-02-23 09:08:34,,7,2
306589623489998,168263198020004,44,1,3,135.0,2014,2.0,1,FB,2,0,2015-02-23 09:08:34,,7,2
306589624489998,168263198020004,44,1,3,135.0,2014,2.0,1,FB,3,0,2015-02-23 09:08:34,,7,2
306589625489998,168263198020004,44,1,3,135.0,2014,2.0,1,FB,4,0,2015-02-23 09:08:34,,7,2
306589626489998,168263198020004,44,1,3,135.0,2014,2.0,1,FB,5,1,2015-02-23 09:08:34,,7,2
306589627489998,168263198020004,44,1,3,135.0,2014,2.0,1,GR,1,0,2015-02-23 09:08:34,,7,2
306589628489998,168263198020004,44,1,3,135.0,2014,2.0,1,GR,2,0,2015-02-23 09:08:34,,7,2
306589629489998,168263198020004,44,1,3,135.0,2014,2.0,1,GR,3,0,2015-02-23 09:08:34,,7,2
306589630489998,168263198020004,44,1,3,135.0,2014,2.0,1,GR,4,0,2015-02-23 09:08:34,,7,2
306589631489998,168263198020004,44,1,3,135.0,2014,2.0,1,GR,5,0,2015-02-23 09:08:34,,7,2
306589612489998,168263198020004,44,1,3,135.0,2014,2.0,1,NT,1,0,2015-02-23 09:08:34,,7,2
306589613489998,168263198020004,44,1,3,135.0,2014,2.0,1,NT,2,0,2015-02-23 09:08:34,,7,2
306589614489998,168263198020004,44,1,3,135.0,2014,2.0,1,NT,3,0,2015-02-23 09:08:34,,7,2
306589615489998,168263198020004,44,1,3,135.0,2014,2.0,1,NT,4,0,2015-02-23 09:08:34,,7,2
306589616489998,168263198020004,44,1,3,135.0,2014,2.0,1,NT,5,0,2015-02-23 09:08:34,,7,2
306589617489998,168263198020004,44,1,3,135.0,2014,2.0,1,SH,1,5,2015-02-23 09:08:34,,7,2
306589618489998,168263198020004,44,1,3,135.0,2014,2.0,1,SH,2,2,2015-02-23 09:08:34,,7,2
306589619489998,168263198020004,44,1,3,135.0,2014,2.0,1,SH,3,5,2015-02-23 09:08:34,,7,2
306589620489998,168263198020004,44,1,3,135.0,2014,2.0,1,SH,4,0,2015-02-23 09:08:34,,7,2
306589621489998,168263198020004,44,1,3,135.0,2014,2.0,1,SH,5,9,2015-02-23 09:08:34,,7,2
306589607489998,168263198020004,44,1,3,135.0,2014,2.0,1,TT,1,5,2015-02-23 09:08:34,,7,2
306589608489998,168263198020004,44,1,3,135.0,2014,2.0,1,TT,2,12,2015-02-23 09:08:34,,7,2
306589609489998,168263198020004,44,1,3,135.0,2014,2.0,1,TT,3,50,2015-02-23 09:08:34,,7,2
306589610489998,168263198020004,44,1,3,135.0,2014,2.0,1,TT,4,80,2015-02-23 09:08:34,,7,2
306589611489998,168263198020004,44,1,3,135.0,2014,2.0,1,TT,5,90,2015-02-23 09:08:34,,7,2
306589652489998,168263198020004,44,1,3,135.0,2014,3.0,1,FB,1,1,2015-02-23 09:08:34,,7,2
306589653489998,168263198020004,44,1,3,135.0,2014,3.0,1,FB,2,0,2015-02-23 09:08:34,,7,2
306589654489998,168263198020004,44,1,3,135.0,2014,3.0,1,FB,3,0,2015-02-23 09:08:34,,7,2
306589655489998,168263198020004,44,1,3,135.0,2014,3.0,1,FB,4,0,2015-02-23 09:08:34,,7,2
306589656489998,168263198020004,44,1,3,135.0,2014,3.0,1,FB,5,1,2015-02-23 09:08:34,,7,2
306589657489998,168263198020004,44,1,3,135.0,2014,3.0,1,GR,1,0,2015-02-23 09:08:34,,7,2
306589658489998,168263198020004,44,1,3,135.0,2014,3.0,1,GR,2,0,2015-02-23 09:08:34,,7,2
306589659489998,168263198020004,44,1,3,135.0,2014,3.0,1,GR,3,0,2015-02-23 09:08:34,,7,2
306589660489998,168263198020004,44,1,3,135.0,2014,3.0,1,GR,4,0,2015-02-23 09:08:34,,7,2
306589661489998,168263198020004,44,1,3,135.0,2014,3.0,1,GR,5,0,2015-02-23 09:08:34,,7,2
306589642489998,168263198020004,44,1,3,135.0,2014,3.0,1,NT,1,0,2015-02-23 09:08:34,,7,2
306589643489998,168263198020004,44,1,3,135.0,2014,3.0,1,NT,2,0,2015-02-23 09:08:34,,7,2
306589644489998,168263198020004,44,1,3,135.0,2014,3.0,1,NT,3,0,2015-02-23 09:08:34,,7,2
306589645489998,168263198020004,44,1,3,135.0,2014,3.0,1,NT,4,0,2015-02-23 09:08:34,,7,2
306589646489998,168263198020004,44,1,3,135.0,2014,3.0,1,NT,5,0,2015-02-23 09:08:34,,7,2
306589647489998,168263198020004,44,1,3,135.0,2014,3.0,1,SH,1,75,2015-02-23 09:08:34,,7,2
306589648489998,168263198020004,44,1,3,135.0,2014,3.0,1,SH,2,7,2015-02-23 09:08:34,,7,2
306589649489998,168263198020004,44,1,3,135.0,2014,3.0,1,SH,3,10,2015-02-23 09:08:34,,7,2
306589650489998,168263198020004,44,1,3,135.0,2014,3.0,1,SH,4,0,2015-02-23 09:08:34,,7,2
306589651489998,168263198020004,44,1,3,135.0,2014,3.0,1,SH,5,79,2015-02-23 09:08:34,,7,2
306589637489998,168263198020004,44,1,3,135.0,2014,3.0,1,TT,1,4,2015-02-23 09:08:34,,7,2
306589638489998,168263198020004,44,1,3,135.0,2014,3.0,1,TT,2,15,2015-02-23 09:08:34,,7,2
306589639489998,168263198020004,44,1,3,135.0,2014,3.0,1,TT,3,40,2015-02-23 09:08:34,,7,2
306589640489998,168263198020004,44,1,3,135.0,2014,3.0,1,TT,4,80,2015-02-23 09:08:34,,7,2
306589641489998,168263198020004,44,1,3,135.0,2014,3.0,1,TT,5,90,2015-02-23 09:08:34,,7,2
306589682489998,168263198020004,44,1,3,135.0,2014,4.0,1,FB,1,1,2015-02-23 09:08:34,,7,2
306589683489998,168263198020004,44,1,3,135.0,2014,4.0,1,FB,2,0,2015-02-23 09:08:34,,7,2
306589684489998,168263198020004,44,1,3,135.0,2014,4.0,1,FB,3,0,2015-02-23 09:08:34,,7,2
306589685489998,168263198020004,44,1,3,135.0,2014,4.0,1,FB,4,0,2015-02-23 09:08:34,,7,2
306589686489998,168263198020004,44,1,3,135.0,2014,4.0,1,FB,5,1,2015-02-23 09:08:34,,7,2
306589687489998,168263198020004,44,1,3,135.0,2014,4.0,1,GR,1,0,2015-02-23 09:08:34,,7,2
306589688489998,168263198020004,44,1,3,135.0,2014,4.0,1,GR,2,0,2015-02-23 09:08:34,,7,2
306589689489998,168263198020004,44,1,3,135.0,2014,4.0,1,GR,3,0,2015-02-23 09:08:34,,7,2
306589690489998,168263198020004,44,1,3,135.0,2014,4.0,1,GR,4,0,2015-02-23 09:08:34,,7,2
306589691489998,168263198020004,44,1,3,135.0,2014,4.0,1,GR,5,0,2015-02-23 09:08:34,,7,2
306589672489998,168263198020004,44,1,3,135.0,2014,4.0,1,NT,1,2,2015-02-23 09:08:34,,7,2
306589673489998,168263198020004,44,1,3,135.0,2014,4.0,1,NT,2,5,2015-02-23 09:08:34,,7,2
306589674489998,168263198020004,44,1,3,135.0,2014,4.0,1,NT,3,15,2015-02-23 09:08:34,,7,2
306589675489998,168263198020004,44,1,3,135.0,2014,4.0,1,NT,4,0,2015-02-23 09:08:34,,7,2
306589676489998,168263198020004,44,1,3,135.0,2014,4.0,1,NT,5,17,2015-02-23 09:08:34,,7,2
306589677489998,168263198020004,44,1,3,135.0,2014,4.0,1,SH,1,3,2015-02-23 09:08:34,,7,2
306589678489998,168263198020004,44,1,3,135.0,2014,4.0,1,SH,2,33,2015-02-23 09:08:34,,7,2
306589679489998,168263198020004,44,1,3,135.0,2014,4.0,1,SH,3,28,2015-02-23 09:08:34,,7,2
306589680489998,168263198020004,44,1,3,135.0,2014,4.0,1,SH,4,0,2015-02-23 09:08:34,,7,2
306589681489998,168263198020004,44,1,3,135.0,2014,4.0,1,SH,5,40,2015-02-23 09:08:34,,7,2
306589667489998,168263198020004,44,1,3,135.0,2014,4.0,1,TT,1,1,2015-02-23 09:08:34,,7,2
306589668489998,168263198020004,44,1,3,135.0,2014,4.0,1,TT,2,2,2015-02-23 09:08:34,,7,2
306589669489998,168263198020004,44,1,3,135.0,2014,4.0,1,TT,3,15,2015-02-23 09:08:34,,7,2
306589670489998,168263198020004,44,1,3,135.0,2014,4.0,1,TT,4,85,2015-02-23 09:08:34,,7,2
306589671489998,168263198020004,44,1,3,135.0,2014,4.0,1,TT,5,85,2015-02-23 09:08:34,,7,2
306589290489998,168263183020004,44,1,7,254.0,2014,1.0,1,FB,1,0,2015-02-23 09:08:30,,7,2
306589291489998,168263183020004,44,1,7,254.0,2014,1.0,1,FB,2,0,2015-02-23 09:08:30,,7,2
306589292489998,168263183020004,44,1,7,254.0,2014,1.0,1,FB,3,0,2015-02-23 09:08:30,,7,2
306589293489998,168263183020004,44,1,7,254.0,2014,1.0,1,FB,4,0,2015-02-23 09:08:30,,7,2
306589294489998,168263183020004,44,1,7,254.0,2014,1.0,1,FB,5,0,2015-02-23 09:08:30,,7,2
306589295489998,168263183020004,44,1,7,254.0,2014,1.0,1,GR,1,0,2015-02-23 09:08:30,,7,2
306589296489998,168263183020004,44,1,7,254.0,2014,1.0,1,GR,2,0,2015-02-23 09:08:30,,7,2
306589297489998,168263183020004,44,1,7,254.0,2014,1.0,1,GR,3,0,2015-02-23 09:08:30,,7,2
306589298489998,168263183020004,44,1,7,254.0,2014,1.0,1,GR,4,0,2015-02-23 09:08:30,,7,2
306589299489998,168263183020004,44,1,7,254.0,2014,1.0,1,GR,5,0,2015-02-23 09:08:30,,7,2
306589280489998,168263183020004,44,1,7,254.0,2014,1.0,1,NT,1,0,2015-02-23 09:08:30,,7,2
306589281489998,168263183020004,44,1,7,254.0,2014,1.0,1,NT,2,0,2015-02-23 09:08:30,,7,2
306589282489998,168263183020004,44,1,7,254.0,2014,1.0,1,NT,3,0,2015-02-23 09:08:30,,7,2
306589283489998,168263183020004,44,1,7,254.0,2014,1.0,1,NT,4,0,2015-02-23 09:08:30,,7,2
306589284489998,168263183020004,44,1,7,254.0,2014,1.0,1,NT,5,0,2015-02-23 09:08:30,,7,2
306589285489998,168263183020004,44,1,7,254.0,2014,1.0,1,SH,1,50,2015-02-23 09:08:30,,7,2
306589286489998,168263183020004,44,1,7,254.0,2014,1.0,1,SH,2,15,2015-02-23 09:08:30,,7,2
306589287489998,168263183020004,44,1,7,254.0,2014,1.0,1,SH,3,0,2015-02-23 09:08:30,,7,2
306589288489998,168263183020004,44,1,7,254.0,2014,1.0,1,SH,4,0,2015-02-23 09:08:30,,7,2
306589289489998,168263183020004,44,1,7,254.0,2014,1.0,1,SH,5,55,2015-02-23 09:08:30,,7,2
306589275489998,168263183020004,44,1,7,254.0,2014,1.0,1,TT,1,12,2015-02-23 09:08:30,,7,2
306589276489998,168263183020004,44,1,7,254.0,2014,1.0,1,TT,2,10,2015-02-23 09:08:30,,7,2
306589277489998,168263183020004,44,1,7,254.0,2014,1.0,1,TT,3,35,2015-02-23 09:08:30,,7,2
306589278489998,168263183020004,44,1,7,254.0,2014,1.0,1,TT,4,80,2015-02-23 09:08:30,,7,2
306589279489998,168263183020004,44,1,7,254.0,2014,1.0,1,TT,5,85,2015-02-23 09:08:30,,7,2
306589320489998,168263183020004,44,1,7,254.0,2014,2.0,1,FB,1,1,2015-02-23 09:08:30,,7,2
306589321489998,168263183020004,44,1,7,254.0,2014,2.0,1,FB,2,0,2015-02-23 09:08:30,,7,2
306589322489998,168263183020004,44,1,7,254.0,2014,2.0,1,FB,3,0,2015-02-23 09:08:30,,7,2
306589323489998,168263183020004,44,1,7,254.0,2014,2.0,1,FB,4,0,2015-02-23 09:08:30,,7,2
306589324489998,168263183020004,44,1,7,254.0,2014,2.0,1,FB,5,1,2015-02-23 09:08:30,,7,2
306589325489998,168263183020004,44,1,7,254.0,2014,2.0,1,GR,1,3,2015-02-23 09:08:30,,7,2
306589326489998,168263183020004,44,1,7,254.0,2014,2.0,1,GR,2,0,2015-02-23 09:08:30,,7,2
306589327489998,168263183020004,44,1,7,254.0,2014,2.0,1,GR,3,0,2015-02-23 09:08:30,,7,2
306589328489998,168263183020004,44,1,7,254.0,2014,2.0,1,GR,4,0,2015-02-23 09:08:30,,7,2
306589329489998,168263183020004,44,1,7,254.0,2014,2.0,1,GR,5,3,2015-02-23 09:08:30,,7,2
306589310489998,168263183020004,44,1,7,254.0,2014,2.0,1,NT,1,0,2015-02-23 09:08:30,,7,2
306589311489998,168263183020004,44,1,7,254.0,2014,2.0,1,NT,2,0,2015-02-23 09:08:30,,7,2
306589312489998,168263183020004,44,1,7,254.0,2014,2.0,1,NT,3,0,2015-02-23 09:08:30,,7,2
306589313489998,168263183020004,44,1,7,254.0,2014,2.0,1,NT,4,0,2015-02-23 09:08:30,,7,2
306589314489998,168263183020004,44,1,7,254.0,2014,2.0,1,NT,5,0,2015-02-23 09:08:30,,7,2
306589315489998,168263183020004,44,1,7,254.0,2014,2.0,1,SH,1,50,2015-02-23 09:08:30,,7,2
306589316489998,168263183020004,44,1,7,254.0,2014,2.0,1,SH,2,14,2015-02-23 09:08:30,,7,2
306589317489998,168263183020004,44,1,7,254.0,2014,2.0,1,SH,3,0,2015-02-23 09:08:30,,7,2
306589318489998,168263183020004,44,1,7,254.0,2014,2.0,1,SH,4,0,2015-02-23 09:08:30,,7,2
306589319489998,168263183020004,44,1,7,254.0,2014,2.0,1,SH,5,58,2015-02-23 09:08:30,,7,2
306589305489998,168263183020004,44,1,7,254.0,2014,2.0,1,TT,1,25,2015-02-23 09:08:30,,7,2
306589306489998,168263183020004,44,1,7,254.0,2014,2.0,1,TT,2,45,2015-02-23 09:08:30,,7,2
306589307489998,168263183020004,44,1,7,254.0,2014,2.0,1,TT,3,30,2015-02-23 09:08:30,,7,2
306589308489998,168263183020004,44,1,7,254.0,2014,2.0,1,TT,4,90,2015-02-23 09:08:30,,7,2
306589309489998,168263183020004,44,1,7,254.0,2014,2.0,1,TT,5,92,2015-02-23 09:08:30,,7,2
306589350489998,168263183020004,44,1,7,254.0,2014,3.0,1,FB,1,10,2015-02-23 09:08:30,,7,2
306589351489998,168263183020004,44,1,7,254.0,2014,3.0,1,FB,2,5,2015-02-23 09:08:30,,7,2
306589352489998,168263183020004,44,1,7,254.0,2014,3.0,1,FB,3,0,2015-02-23 09:08:30,,7,2
306589353489998,168263183020004,44,1,7,254.0,2014,3.0,1,FB,4,0,2015-02-23 09:08:30,,7,2
306589354489998,168263183020004,44,1,7,254.0,2014,3.0,1,FB,5,14,2015-02-23 09:08:30,,7,2
306589355489998,168263183020004,44,1,7,254.0,2014,3.0,1,GR,1,8,2015-02-23 09:08:30,,7,2
306589356489998,168263183020004,44,1,7,254.0,2014,3.0,1,GR,2,1,2015-02-23 09:08:30,,7,2
306589357489998,168263183020004,44,1,7,254.0,2014,3.0,1,GR,3,0,2015-02-23 09:08:30,,7,2
306589358489998,168263183020004,44,1,7,254.0,2014,3.0,1,GR,4,0,2015-02-23 09:08:30,,7,2
306589359489998,168263183020004,44,1,7,254.0,2014,3.0,1,GR,5,8,2015-02-23 09:08:30,,7,2
306589340489998,168263183020004,44,1,7,254.0,2014,3.0,1,NT,1,0,2015-02-23 09:08:30,,7,2
306589341489998,168263183020004,44,1,7,254.0,2014,3.0,1,NT,2,0,2015-02-23 09:08:30,,7,2
306589342489998,168263183020004,44,1,7,254.0,2014,3.0,1,NT,3,0,2015-02-23 09:08:30,,7,2
306589343489998,168263183020004,44,1,7,254.0,2014,3.0,1,NT,4,0,2015-02-23 09:08:30,,7,2
306589344489998,168263183020004,44,1,7,254.0,2014,3.0,1,NT,5,0,2015-02-23 09:08:30,,7,2
306589345489998,168263183020004,44,1,7,254.0,2014,3.0,1,SH,1,25,2015-02-23 09:08:30,,7,2
306589346489998,168263183020004,44,1,7,254.0,2014,3.0,1,SH,2,10,2015-02-23 09:08:30,,7,2
306589347489998,168263183020004,44,1,7,254.0,2014,3.0,1,SH,3,0,2015-02-23 09:08:30,,7,2
306589348489998,168263183020004,44,1,7,254.0,2014,3.0,1,SH,4,0,2015-02-23 09:08:30,,7,2
306589349489998,168263183020004,44,1,7,254.0,2014,3.0,1,SH,5,29,2015-02-23 09:08:30,,7,2
306589335489998,168263183020004,44,1,7,254.0,2014,3.0,1,TT,1,20,2015-02-23 09:08:30,,7,2
306589336489998,168263183020004,44,1,7,254.0,2014,3.0,1,TT,2,50,2015-02-23 09:08:30,,7,2
306589337489998,168263183020004,44,1,7,254.0,2014,3.0,1,TT,3,58,2015-02-23 09:08:30,,7,2
306589338489998,168263183020004,44,1,7,254.0,2014,3.0,1,TT,4,20,2015-02-23 09:08:30,,7,2
306589339489998,168263183020004,44,1,7,254.0,2014,3.0,1,TT,5,74,2015-02-23 09:08:30,,7,2
306589380489998,168263183020004,44,1,7,254.0,2014,4.0,1,FB,1,3,2015-02-23 09:08:30,,7,2
306589381489998,168263183020004,44,1,7,254.0,2014,4.0,1,FB,2,2,2015-02-23 09:08:30,,7,2
306589382489998,168263183020004,44,1,7,254.0,2014,4.0,1,FB,3,0,2015-02-23 09:08:30,,7,2
306589383489998,168263183020004,44,1,7,254.0,2014,4.0,1,FB,4,0,2015-02-23 09:08:30,,7,2
306589384489998,168263183020004,44,1,7,254.0,2014,4.0,1,FB,5,4,2015-02-23 09:08:30,,7,2
306589385489998,168263183020004,44,1,7,254.0,2014,4.0,1,GR,1,5,2015-02-23 09:08:30,,7,2
306589386489998,168263183020004,44,1,7,254.0,2014,4.0,1,GR,2,0,2015-02-23 09:08:30,,7,2
306589387489998,168263183020004,44,1,7,254.0,2014,4.0,1,GR,3,0,2015-02-23 09:08:30,,7,2
306589388489998,168263183020004,44,1,7,254.0,2014,4.0,1,GR,4,0,2015-02-23 09:08:30,,7,2
306589389489998,168263183020004,44,1,7,254.0,2014,4.0,1,GR,5,5,2015-02-23 09:08:30,,7,2
306589373489998,168263183020004,44,1,7,254.0,2014,4.0,1,NT,4,0,2015-02-23 09:08:30,,7,2
306589370489998,168263183020004,44,1,7,254.0,2014,4.0,1,NT,1,0,2015-02-23 09:08:30,,7,2
306589371489998,168263183020004,44,1,7,254.0,2014,4.0,1,NT,2,0,2015-02-23 09:08:30,,7,2
306589372489998,168263183020004,44,1,7,254.0,2014,4.0,1,NT,3,0,2015-02-23 09:08:30,,7,2
306589374489998,168263183020004,44,1,7,254.0,2014,4.0,1,NT,5,0,2015-02-23 09:08:30,,7,2
306589375489998,168263183020004,44,1,7,254.0,2014,4.0,1,SH,1,35,2015-02-23 09:08:30,,7,2
306589376489998,168263183020004,44,1,7,254.0,2014,4.0,1,SH,2,5,2015-02-23 09:08:30,,7,2
306589377489998,168263183020004,44,1,7,254.0,2014,4.0,1,SH,3,2,2015-02-23 09:08:30,,7,2
306589378489998,168263183020004,44,1,7,254.0,2014,4.0,1,SH,4,1,2015-02-23 09:08:30,,7,2
306589379489998,168263183020004,44,1,7,254.0,2014,4.0,1,SH,5,35,2015-02-23 09:08:30,,7,2
306589365489998,168263183020004,44,1,7,254.0,2014,4.0,1,TT,1,10,2015-02-23 09:08:30,,7,2
306589366489998,168263183020004,44,1,7,254.0,2014,4.0,1,TT,2,20,2015-02-23 09:08:30,,7,2
306589367489998,168263183020004,44,1,7,254.0,2014,4.0,1,TT,3,30,2015-02-23 09:08:30,,7,2
306589368489998,168263183020004,44,1,7,254.0,2014,4.0,1,TT,4,50,2015-02-23 09:08:30,,7,2
306589369489998,168263183020004,44,1,7,254.0,2014,4.0,1,TT,5,55,2015-02-23 09:08:30,,7,2
367635101489998,168263189020004,44,1,7,113.0,2015,1.0,1,FB,1,90,2016-01-05 10:56:26,,7,3
367635102489998,168263189020004,44,1,7,113.0,2015,1.0,1,FB,2,10,2016-01-05 10:56:26,,7,3
367635103489998,168263189020004,44,1,7,113.0,2015,1.0,1,FB,3,0,2016-01-05 10:56:26,,7,3
367635104489998,168263189020004,44,1,7,113.0,2015,1.0,1,FB,4,0,2016-01-05 10:56:26,,7,3
367635105489998,168263189020004,44,1,7,113.0,2015,1.0,1,FB,5,90,2016-01-05 10:56:26,,7,3
367635106489998,168263189020004,44,1,7,113.0,2015,1.0,1,GR,1,2,2016-01-05 10:56:26,,7,3
367635107489998,168263189020004,44,1,7,113.0,2015,1.0,1,GR,2,0,2016-01-05 10:56:26,,7,3
367635108489998,168263189020004,44,1,7,113.0,2015,1.0,1,GR,3,0,2016-01-05 10:56:26,,7,3
367635109489998,168263189020004,44,1,7,113.0,2015,1.0,1,GR,4,0,2016-01-05 10:56:26,,7,3
367635110489998,168263189020004,44,1,7,113.0,2015,1.0,1,GR,5,2,2016-01-05 10:56:26,,7,3
367635091489998,168263189020004,44,1,7,113.0,2015,1.0,1,NT,1,0,2016-01-05 10:56:26,,7,3
367635092489998,168263189020004,44,1,7,113.0,2015,1.0,1,NT,2,0,2016-01-05 10:56:26,,7,3
367635093489998,168263189020004,44,1,7,113.0,2015,1.0,1,NT,3,0,2016-01-05 10:56:26,,7,3
367635094489998,168263189020004,44,1,7,113.0,2015,1.0,1,NT,4,0,2016-01-05 10:56:26,,7,3
367635095489998,168263189020004,44,1,7,113.0,2015,1.0,1,NT,5,0,2016-01-05 10:56:26,,7,3
367635096489998,168263189020004,44,1,7,113.0,2015,1.0,1,SH,1,5,2016-01-05 10:56:26,,7,3
367635097489998,168263189020004,44,1,7,113.0,2015,1.0,1,SH,2,5,2016-01-05 10:56:26,,7,3
367635098489998,168263189020004,44,1,7,113.0,2015,1.0,1,SH,3,2,2016-01-05 10:56:26,,7,3
367635099489998,168263189020004,44,1,7,113.0,2015,1.0,1,SH,4,0,2016-01-05 10:56:26,,7,3
367635100489998,168263189020004,44,1,7,113.0,2015,1.0,1,SH,5,5,2016-01-05 10:56:26,,7,3
367635086489998,168263189020004,44,1,7,113.0,2015,1.0,1,TT,1,1,2016-01-05 10:56:26,,7,3
367635087489998,168263189020004,44,1,7,113.0,2015,1.0,1,TT,2,3,2016-01-05 10:56:26,,7,3
367635088489998,168263189020004,44,1,7,113.0,2015,1.0,1,TT,3,18,2016-01-05 10:56:26,,7,3
367635089489998,168263189020004,44,1,7,113.0,2015,1.0,1,TT,4,95,2016-01-05 10:56:26,,7,3
367635090489998,168263189020004,44,1,7,113.0,2015,1.0,1,TT,5,95,2016-01-05 10:56:26,,7,3
367635131489998,168263189020004,44,1,7,113.0,2015,2.0,1,FB,1,39,2016-01-05 10:56:26,,7,3
367635132489998,168263189020004,44,1,7,113.0,2015,2.0,1,FB,2,2,2016-01-05 10:56:26,,7,3
367635133489998,168263189020004,44,1,7,113.0,2015,2.0,1,FB,3,0,2016-01-05 10:56:26,,7,3
367635134489998,168263189020004,44,1,7,113.0,2015,2.0,1,FB,4,0,2016-01-05 10:56:26,,7,3
367635135489998,168263189020004,44,1,7,113.0,2015,2.0,1,FB,5,40,2016-01-05 10:56:26,,7,3
367635136489998,168263189020004,44,1,7,113.0,2015,2.0,1,GR,1,2,2016-01-05 10:56:26,,7,3
367635137489998,168263189020004,44,1,7,113.0,2015,2.0,1,GR,2,0,2016-01-05 10:56:26,,7,3
367635138489998,168263189020004,44,1,7,113.0,2015,2.0,1,GR,3,0,2016-01-05 10:56:26,,7,3
367635139489998,168263189020004,44,1,7,113.0,2015,2.0,1,GR,4,0,2016-01-05 10:56:26,,7,3
367635140489998,168263189020004,44,1,7,113.0,2015,2.0,1,GR,5,2,2016-01-05 10:56:26,,7,3
367635121489998,168263189020004,44,1,7,113.0,2015,2.0,1,NT,1,0,2016-01-05 10:56:26,,7,3
367635122489998,168263189020004,44,1,7,113.0,2015,2.0,1,NT,2,0,2016-01-05 10:56:26,,7,3
367635123489998,168263189020004,44,1,7,113.0,2015,2.0,1,NT,3,0,2016-01-05 10:56:26,,7,3
367635124489998,168263189020004,44,1,7,113.0,2015,2.0,1,NT,4,0,2016-01-05 10:56:26,,7,3
367635125489998,168263189020004,44,1,7,113.0,2015,2.0,1,NT,5,0,2016-01-05 10:56:26,,7,3
367635126489998,168263189020004,44,1,7,113.0,2015,2.0,1,SH,1,6,2016-01-05 10:56:26,,7,3
367635127489998,168263189020004,44,1,7,113.0,2015,2.0,1,SH,2,6,2016-01-05 10:56:26,,7,3
367635128489998,168263189020004,44,1,7,113.0,2015,2.0,1,SH,3,14,2016-01-05 10:56:26,,7,3
367635129489998,168263189020004,44,1,7,113.0,2015,2.0,1,SH,4,0,2016-01-05 10:56:26,,7,3
367635130489998,168263189020004,44,1,7,113.0,2015,2.0,1,SH,5,19,2016-01-05 10:56:26,,7,3
367635116489998,168263189020004,44,1,7,113.0,2015,2.0,1,TT,1,7,2016-01-05 10:56:26,,7,3
367635117489998,168263189020004,44,1,7,113.0,2015,2.0,1,TT,2,15,2016-01-05 10:56:26,,7,3
367635118489998,168263189020004,44,1,7,113.0,2015,2.0,1,TT,3,30,2016-01-05 10:56:26,,7,3
367635119489998,168263189020004,44,1,7,113.0,2015,2.0,1,TT,4,85,2016-01-05 10:56:26,,7,3
367635120489998,168263189020004,44,1,7,113.0,2015,2.0,1,TT,5,88,2016-01-05 10:56:26,,7,3
367635161489998,168263189020004,44,1,7,113.0,2015,3.0,1,FB,1,40,2016-01-05 10:56:26,,7,3
367635162489998,168263189020004,44,1,7,113.0,2015,3.0,1,FB,2,2,2016-01-05 10:56:26,,7,3
367635163489998,168263189020004,44,1,7,113.0,2015,3.0,1,FB,3,0,2016-01-05 10:56:26,,7,3
367635164489998,168263189020004,44,1,7,113.0,2015,3.0,1,FB,4,0,2016-01-05 10:56:26,,7,3
367635165489998,168263189020004,44,1,7,113.0,2015,3.0,1,FB,5,40,2016-01-05 10:56:26,,7,3
367635166489998,168263189020004,44,1,7,113.0,2015,3.0,1,GR,1,0,2016-01-05 10:56:26,,7,3
367635167489998,168263189020004,44,1,7,113.0,2015,3.0,1,GR,2,0,2016-01-05 10:56:26,,7,3
367635168489998,168263189020004,44,1,7,113.0,2015,3.0,1,GR,3,0,2016-01-05 10:56:26,,7,3
367635169489998,168263189020004,44,1,7,113.0,2015,3.0,1,GR,4,0,2016-01-05 10:56:26,,7,3
367635170489998,168263189020004,44,1,7,113.0,2015,3.0,1,GR,5,0,2016-01-05 10:56:26,,7,3
367635151489998,168263189020004,44,1,7,113.0,2015,3.0,1,NT,1,5,2016-01-05 10:56:26,,7,3
367635152489998,168263189020004,44,1,7,113.0,2015,3.0,1,NT,2,15,2016-01-05 10:56:26,,7,3
367635153489998,168263189020004,44,1,7,113.0,2015,3.0,1,NT,3,40,2016-01-05 10:56:26,,7,3
367635154489998,168263189020004,44,1,7,113.0,2015,3.0,1,NT,4,0,2016-01-05 10:56:26,,7,3
367635155489998,168263189020004,44,1,7,113.0,2015,3.0,1,NT,5,40,2016-01-05 10:56:26,,7,3
367635156489998,168263189020004,44,1,7,113.0,2015,3.0,1,SH,1,3,2016-01-05 10:56:26,,7,3
367635157489998,168263189020004,44,1,7,113.0,2015,3.0,1,SH,2,0,2016-01-05 10:56:26,,7,3
367635158489998,168263189020004,44,1,7,113.0,2015,3.0,1,SH,3,0,2016-01-05 10:56:26,,7,3
367635159489998,168263189020004,44,1,7,113.0,2015,3.0,1,SH,4,0,2016-01-05 10:56:26,,7,3
367635160489998,168263189020004,44,1,7,113.0,2015,3.0,1,SH,5,3,2016-01-05 10:56:26,,7,3
367635146489998,168263189020004,44,1,7,113.0,2015,3.0,1,TT,1,3,2016-01-05 10:56:26,,7,3
367635147489998,168263189020004,44,1,7,113.0,2015,3.0,1,TT,2,5,2016-01-05 10:56:26,,7,3
367635148489998,168263189020004,44,1,7,113.0,2015,3.0,1,TT,3,15,2016-01-05 10:56:26,,7,3
367635149489998,168263189020004,44,1,7,113.0,2015,3.0,1,TT,4,90,2016-01-05 10:56:26,,7,3
367635150489998,168263189020004,44,1,7,113.0,2015,3.0,1,TT,5,92,2016-01-05 10:56:26,,7,3
367635191489998,168263189020004,44,1,7,113.0,2015,4.0,1,FB,1,35,2016-01-05 10:56:26,,7,3
367635192489998,168263189020004,44,1,7,113.0,2015,4.0,1,FB,2,10,2016-01-05 10:56:26,,7,3
367635193489998,168263189020004,44,1,7,113.0,2015,4.0,1,FB,3,0,2016-01-05 10:56:26,,7,3
367635194489998,168263189020004,44,1,7,113.0,2015,4.0,1,FB,4,0,2016-01-05 10:56:26,,7,3
367635195489998,168263189020004,44,1,7,113.0,2015,4.0,1,FB,5,35,2016-01-05 10:56:26,,7,3
367635196489998,168263189020004,44,1,7,113.0,2015,4.0,1,GR,1,1,2016-01-05 10:56:26,,7,3
367635197489998,168263189020004,44,1,7,113.0,2015,4.0,1,GR,2,0,2016-01-05 10:56:26,,7,3
367635198489998,168263189020004,44,1,7,113.0,2015,4.0,1,GR,3,0,2016-01-05 10:56:26,,7,3
367635199489998,168263189020004,44,1,7,113.0,2015,4.0,1,GR,4,0,2016-01-05 10:56:26,,7,3
367635200489998,168263189020004,44,1,7,113.0,2015,4.0,1,GR,5,1,2016-01-05 10:56:26,,7,3
367635181489998,168263189020004,44,1,7,113.0,2015,4.0,1,NT,1,0,2016-01-05 10:56:26,,7,3
367635182489998,168263189020004,44,1,7,113.0,2015,4.0,1,NT,2,0,2016-01-05 10:56:26,,7,3
367635183489998,168263189020004,44,1,7,113.0,2015,4.0,1,NT,3,0,2016-01-05 10:56:26,,7,3
367635184489998,168263189020004,44,1,7,113.0,2015,4.0,1,NT,4,0,2016-01-05 10:56:26,,7,3
367635185489998,168263189020004,44,1,7,113.0,2015,4.0,1,NT,5,0,2016-01-05 10:56:26,,7,3
367635186489998,168263189020004,44,1,7,113.0,2015,4.0,1,SH,1,15,2016-01-05 10:56:26,,7,3
367635187489998,168263189020004,44,1,7,113.0,2015,4.0,1,SH,2,10,2016-01-05 10:56:26,,7,3
367635188489998,168263189020004,44,1,7,113.0,2015,4.0,1,SH,3,0,2016-01-05 10:56:26,,7,3
367635189489998,168263189020004,44,1,7,113.0,2015,4.0,1,SH,4,0,2016-01-05 10:56:26,,7,3
367635190489998,168263189020004,44,1,7,113.0,2015,4.0,1,SH,5,15,2016-01-05 10:56:26,,7,3
367635176489998,168263189020004,44,1,7,113.0,2015,4.0,1,TT,1,7,2016-01-05 10:56:26,,7,3
367635177489998,168263189020004,44,1,7,113.0,2015,4.0,1,TT,2,10,2016-01-05 10:56:26,,7,3
367635178489998,168263189020004,44,1,7,113.0,2015,4.0,1,TT,3,20,2016-01-05 10:56:26,,7,3
367635179489998,168263189020004,44,1,7,113.0,2015,4.0,1,TT,4,90,2016-01-05 10:56:26,,7,3
367635180489998,168263189020004,44,1,7,113.0,2015,4.0,1,TT,5,90,2016-01-05 10:56:26,,7,3
451468782489998,305229988489998,44,1,7,47.0,2016,1.0,1,FB,1,50,2017-03-02 09:23:45,,7,4
451468783489998,305229988489998,44,1,7,47.0,2016,1.0,1,FB,2,10,2017-03-02 09:23:45,,7,4
451468784489998,305229988489998,44,1,7,47.0,2016,1.0,1,FB,3,0,2017-03-02 09:23:45,,7,4
451468785489998,305229988489998,44,1,7,47.0,2016,1.0,1,FB,4,0,2017-03-02 09:23:45,,7,4
451468786489998,305229988489998,44,1,7,47.0,2016,1.0,1,FB,5,50,2017-03-02 09:23:45,,7,4
451468787489998,305229988489998,44,1,7,47.0,2016,1.0,1,GR,1,75,2017-03-02 09:23:45,,7,4
451468788489998,305229988489998,44,1,7,47.0,2016,1.0,1,GR,2,0,2017-03-02 09:23:45,,7,4
451468789489998,305229988489998,44,1,7,47.0,2016,1.0,1,GR,3,0,2017-03-02 09:23:45,,7,4
451468790489998,305229988489998,44,1,7,47.0,2016,1.0,1,GR,4,0,2017-03-02 09:23:45,,7,4
451468791489998,305229988489998,44,1,7,47.0,2016,1.0,1,GR,5,75,2017-03-02 09:23:45,,7,4
451468772489998,305229988489998,44,1,7,47.0,2016,1.0,1,NT,1,0,2017-03-02 09:23:45,,7,4
451468773489998,305229988489998,44,1,7,47.0,2016,1.0,1,NT,2,0,2017-03-02 09:23:45,,7,4
451468774489998,305229988489998,44,1,7,47.0,2016,1.0,1,NT,3,0,2017-03-02 09:23:45,,7,4
451468775489998,305229988489998,44,1,7,47.0,2016,1.0,1,NT,4,0,2017-03-02 09:23:45,,7,4
451468776489998,305229988489998,44,1,7,47.0,2016,1.0,1,NT,5,0,2017-03-02 09:23:45,,7,4
451468777489998,305229988489998,44,1,7,47.0,2016,1.0,1,SH,1,12,2017-03-02 09:23:45,,7,4
451468778489998,305229988489998,44,1,7,47.0,2016,1.0,1,SH,2,3,2017-03-02 09:23:45,,7,4
451468779489998,305229988489998,44,1,7,47.0,2016,1.0,1,SH,3,0,2017-03-02 09:23:45,,7,4
451468780489998,305229988489998,44,1,7,47.0,2016,1.0,1,SH,4,0,2017-03-02 09:23:45,,7,4
451468781489998,305229988489998,44,1,7,47.0,2016,1.0,1,SH,5,13,2017-03-02 09:23:45,,7,4
451468767489998,305229988489998,44,1,7,47.0,2016,1.0,1,TT,1,10,2017-03-02 09:23:45,,7,4
451468768489998,305229988489998,44,1,7,47.0,2016,1.0,1,TT,2,1,2017-03-02 09:23:45,,7,4
451468769489998,305229988489998,44,1,7,47.0,2016,1.0,1,TT,3,20,2017-03-02 09:23:45,,7,4
451468770489998,305229988489998,44,1,7,47.0,2016,1.0,1,TT,4,70,2017-03-02 09:23:45,,7,4
451468771489998,305229988489998,44,1,7,47.0,2016,1.0,1,TT,5,78,2017-03-02 09:23:45,,7,4
451468812489998,305229988489998,44,1,7,47.0,2016,2.0,1,FB,1,70,2017-03-02 09:23:45,,7,4
451468815489998,305229988489998,44,1,7,47.0,2016,2.0,1,FB,4,0,2017-03-02 09:23:45,,7,4
451468817489998,305229988489998,44,1,7,47.0,2016,2.0,1,GR,1,5,2017-03-02 09:23:45,,7,4
451468813489998,305229988489998,44,1,7,47.0,2016,2.0,1,FB,2,4,2017-03-02 09:23:45,,7,4
451468814489998,305229988489998,44,1,7,47.0,2016,2.0,1,FB,3,0,2017-03-02 09:23:45,,7,4
451468816489998,305229988489998,44,1,7,47.0,2016,2.0,1,FB,5,70,2017-03-02 09:23:45,,7,4
451468818489998,305229988489998,44,1,7,47.0,2016,2.0,1,GR,2,0,2017-03-02 09:23:45,,7,4
451468819489998,305229988489998,44,1,7,47.0,2016,2.0,1,GR,3,0,2017-03-02 09:23:45,,7,4
451468820489998,305229988489998,44,1,7,47.0,2016,2.0,1,GR,4,0,2017-03-02 09:23:45,,7,4
451468821489998,305229988489998,44,1,7,47.0,2016,2.0,1,GR,5,5,2017-03-02 09:23:45,,7,4
451468802489998,305229988489998,44,1,7,47.0,2016,2.0,1,NT,1,0,2017-03-02 09:23:45,,7,4
451468803489998,305229988489998,44,1,7,47.0,2016,2.0,1,NT,2,0,2017-03-02 09:23:45,,7,4
451468804489998,305229988489998,44,1,7,47.0,2016,2.0,1,NT,3,0,2017-03-02 09:23:45,,7,4
451468805489998,305229988489998,44,1,7,47.0,2016,2.0,1,NT,4,0,2017-03-02 09:23:45,,7,4
451468806489998,305229988489998,44,1,7,47.0,2016,2.0,1,NT,5,0,2017-03-02 09:23:45,,7,4
451468807489998,305229988489998,44,1,7,47.0,2016,2.0,1,SH,1,30,2017-03-02 09:23:45,,7,4
451468808489998,305229988489998,44,1,7,47.0,2016,2.0,1,SH,2,8,2017-03-02 09:23:45,,7,4
451468809489998,305229988489998,44,1,7,47.0,2016,2.0,1,SH,3,2,2017-03-02 09:23:45,,7,4
451468810489998,305229988489998,44,1,7,47.0,2016,2.0,1,SH,4,0,2017-03-02 09:23:45,,7,4
451468811489998,305229988489998,44,1,7,47.0,2016,2.0,1,SH,5,35,2017-03-02 09:23:45,,7,4
451468797489998,305229988489998,44,1,7,47.0,2016,2.0,1,TT,1,2,2017-03-02 09:23:45,,7,4
451468798489998,305229988489998,44,1,7,47.0,2016,2.0,1,TT,2,5,2017-03-02 09:23:45,,7,4
451468799489998,305229988489998,44,1,7,47.0,2016,2.0,1,TT,3,35,2017-03-02 09:23:45,,7,4
451468800489998,305229988489998,44,1,7,47.0,2016,2.0,1,TT,4,85,2017-03-02 09:23:45,,7,4
451468801489998,305229988489998,44,1,7,47.0,2016,2.0,1,TT,5,90,2017-03-02 09:23:45,,7,4
451468842489998,305229988489998,44,1,7,47.0,2016,3.0,1,FB,1,75,2017-03-02 09:23:45,,7,4
451468843489998,305229988489998,44,1,7,47.0,2016,3.0,1,FB,2,10,2017-03-02 09:23:45,,7,4
451468844489998,305229988489998,44,1,7,47.0,2016,3.0,1,FB,3,0,2017-03-02 09:23:45,,7,4
451468845489998,305229988489998,44,1,7,47.0,2016,3.0,1,FB,4,0,2017-03-02 09:23:45,,7,4
451468846489998,305229988489998,44,1,7,47.0,2016,3.0,1,FB,5,75,2017-03-02 09:23:45,,7,4
451468847489998,305229988489998,44,1,7,47.0,2016,3.0,1,GR,1,2,2017-03-02 09:23:45,,7,4
451468848489998,305229988489998,44,1,7,47.0,2016,3.0,1,GR,2,0,2017-03-02 09:23:45,,7,4
451468849489998,305229988489998,44,1,7,47.0,2016,3.0,1,GR,3,0,2017-03-02 09:23:45,,7,4
451468850489998,305229988489998,44,1,7,47.0,2016,3.0,1,GR,4,0,2017-03-02 09:23:45,,7,4
451468851489998,305229988489998,44,1,7,47.0,2016,3.0,1,GR,5,2,2017-03-02 09:23:45,,7,4
451468832489998,305229988489998,44,1,7,47.0,2016,3.0,1,NT,1,0,2017-03-02 09:23:45,,7,4
451468833489998,305229988489998,44,1,7,47.0,2016,3.0,1,NT,2,0,2017-03-02 09:23:45,,7,4
451468834489998,305229988489998,44,1,7,47.0,2016,3.0,1,NT,3,0,2017-03-02 09:23:45,,7,4
451468835489998,305229988489998,44,1,7,47.0,2016,3.0,1,NT,4,0,2017-03-02 09:23:45,,7,4
451468836489998,305229988489998,44,1,7,47.0,2016,3.0,1,NT,5,0,2017-03-02 09:23:45,,7,4
451468837489998,305229988489998,44,1,7,47.0,2016,3.0,1,SH,1,5,2017-03-02 09:23:45,,7,4
451468838489998,305229988489998,44,1,7,47.0,2016,3.0,1,SH,2,5,2017-03-02 09:23:45,,7,4
451468839489998,305229988489998,44,1,7,47.0,2016,3.0,1,SH,3,0,2017-03-02 09:23:45,,7,4
451468840489998,305229988489998,44,1,7,47.0,2016,3.0,1,SH,4,0,2017-03-02 09:23:45,,7,4
451468841489998,305229988489998,44,1,7,47.0,2016,3.0,1,SH,5,7,2017-03-02 09:23:45,,7,4
451468827489998,305229988489998,44,1,7,47.0,2016,3.0,1,TT,1,3,2017-03-02 09:23:45,,7,4
451468828489998,305229988489998,44,1,7,47.0,2016,3.0,1,TT,2,5,2017-03-02 09:23:45,,7,4
451468829489998,305229988489998,44,1,7,47.0,2016,3.0,1,TT,3,35,2017-03-02 09:23:45,,7,4
451468830489998,305229988489998,44,1,7,47.0,2016,3.0,1,TT,4,75,2017-03-02 09:23:45,,7,4
451468831489998,305229988489998,44,1,7,47.0,2016,3.0,1,TT,5,75,2017-03-02 09:23:45,,7,4
451468872489998,305229988489998,44,1,7,47.0,2016,4.0,1,FB,1,80,2017-03-02 09:23:45,,7,4
451468873489998,305229988489998,44,1,7,47.0,2016,4.0,1,FB,2,30,2017-03-02 09:23:45,,7,4
451468874489998,305229988489998,44,1,7,47.0,2016,4.0,1,FB,3,0,2017-03-02 09:23:45,,7,4
451468875489998,305229988489998,44,1,7,47.0,2016,4.0,1,FB,4,0,2017-03-02 09:23:45,,7,4
451468876489998,305229988489998,44,1,7,47.0,2016,4.0,1,FB,5,80,2017-03-02 09:23:45,,7,4
451468877489998,305229988489998,44,1,7,47.0,2016,4.0,1,GR,1,5,2017-03-02 09:23:45,,7,4
451468878489998,305229988489998,44,1,7,47.0,2016,4.0,1,GR,2,0,2017-03-02 09:23:45,,7,4
451468879489998,305229988489998,44,1,7,47.0,2016,4.0,1,GR,3,0,2017-03-02 09:23:45,,7,4
451468880489998,305229988489998,44,1,7,47.0,2016,4.0,1,GR,4,0,2017-03-02 09:23:45,,7,4
451468881489998,305229988489998,44,1,7,47.0,2016,4.0,1,GR,5,5,2017-03-02 09:23:45,,7,4
451468862489998,305229988489998,44,1,7,47.0,2016,4.0,1,NT,1,0,2017-03-02 09:23:45,,7,4
451468863489998,305229988489998,44,1,7,47.0,2016,4.0,1,NT,2,0,2017-03-02 09:23:45,,7,4
451468864489998,305229988489998,44,1,7,47.0,2016,4.0,1,NT,3,0,2017-03-02 09:23:45,,7,4
451468865489998,305229988489998,44,1,7,47.0,2016,4.0,1,NT,4,0,2017-03-02 09:23:45,,7,4
451468866489998,305229988489998,44,1,7,47.0,2016,4.0,1,NT,5,0,2017-03-02 09:23:45,,7,4
451468867489998,305229988489998,44,1,7,47.0,2016,4.0,1,SH,1,20,2017-03-02 09:23:45,,7,4
451468868489998,305229988489998,44,1,7,47.0,2016,4.0,1,SH,2,28,2017-03-02 09:23:45,,7,4
451468869489998,305229988489998,44,1,7,47.0,2016,4.0,1,SH,3,2,2017-03-02 09:23:45,,7,4
451468870489998,305229988489998,44,1,7,47.0,2016,4.0,1,SH,4,0,2017-03-02 09:23:45,,7,4
451468871489998,305229988489998,44,1,7,47.0,2016,4.0,1,SH,5,30,2017-03-02 09:23:45,,7,4
451468857489998,305229988489998,44,1,7,47.0,2016,4.0,1,TT,1,8,2017-03-02 09:23:45,,7,4
451468858489998,305229988489998,44,1,7,47.0,2016,4.0,1,TT,2,28,2017-03-02 09:23:45,,7,4
451468859489998,305229988489998,44,1,7,47.0,2016,4.0,1,TT,3,25,2017-03-02 09:23:45,,7,4
451468860489998,305229988489998,44,1,7,47.0,2016,4.0,1,TT,4,50,2017-03-02 09:23:45,,7,4
451468861489998,305229988489998,44,1,7,47.0,2016,4.0,1,TT,5,65,2017-03-02 09:23:45,,7,4
530970614126144,374009833489998,44,1,5,102.0,2017,1.0,2,FB,1,2,2018-04-18 07:56:52,,7,5
530970615126144,374009833489998,44,1,5,102.0,2017,1.0,2,FB,2,0,2018-04-18 07:56:52,,7,5
530970616126144,374009833489998,44,1,5,102.0,2017,1.0,2,FB,3,0,2018-04-18 07:56:52,,7,5
530970617126144,374009833489998,44,1,5,102.0,2017,1.0,2,FB,4,0,2018-04-18 07:56:52,,7,5
530970618126144,374009833489998,44,1,5,102.0,2017,1.0,2,FB,5,2,2018-04-18 07:56:52,,7,5
530970619126144,374009833489998,44,1,5,102.0,2017,1.0,2,GR,1,2,2018-04-18 07:56:52,,7,5
530970620126144,374009833489998,44,1,5,102.0,2017,1.0,2,GR,2,1,2018-04-18 07:56:52,,7,5
530970621126144,374009833489998,44,1,5,102.0,2017,1.0,2,GR,3,0,2018-04-18 07:56:52,,7,5
530970622126144,374009833489998,44,1,5,102.0,2017,1.0,2,GR,4,0,2018-04-18 07:56:52,,7,5
530970623126144,374009833489998,44,1,5,102.0,2017,1.0,2,GR,5,2,2018-04-18 07:56:52,,7,5
530970604126144,374009833489998,44,1,5,102.0,2017,1.0,2,NT,1,0,2018-04-18 07:56:52,,7,5
530970605126144,374009833489998,44,1,5,102.0,2017,1.0,2,NT,2,0,2018-04-18 07:56:52,,7,5
530970606126144,374009833489998,44,1,5,102.0,2017,1.0,2,NT,3,0,2018-04-18 07:56:52,,7,5
530970607126144,374009833489998,44,1,5,102.0,2017,1.0,2,NT,4,0,2018-04-18 07:56:52,,7,5
530970608126144,374009833489998,44,1,5,102.0,2017,1.0,2,NT,5,0,2018-04-18 07:56:52,,7,5
530970609126144,374009833489998,44,1,5,102.0,2017,1.0,2,SH,1,40,2018-04-18 07:56:52,,7,5
530970610126144,374009833489998,44,1,5,102.0,2017,1.0,2,SH,2,40,2018-04-18 07:56:52,,7,5
530970611126144,374009833489998,44,1,5,102.0,2017,1.0,2,SH,3,20,2018-04-18 07:56:52,,7,5
530970612126144,374009833489998,44,1,5,102.0,2017,1.0,2,SH,4,1,2018-04-18 07:56:52,,7,5
530970613126144,374009833489998,44,1,5,102.0,2017,1.0,2,SH,5,42,2018-04-18 07:56:52,,7,5
530970599126144,374009833489998,44,1,5,102.0,2017,1.0,2,TT,1,1,2018-04-18 07:56:52,,7,5
530970600126144,374009833489998,44,1,5,102.0,2017,1.0,2,TT,2,2,2018-04-18 07:56:52,,7,5
530970601126144,374009833489998,44,1,5,102.0,2017,1.0,2,TT,3,8,2018-04-18 07:56:52,,7,5
530970602126144,374009833489998,44,1,5,102.0,2017,1.0,2,TT,4,30,2018-04-18 07:56:52,,7,5
530970603126144,374009833489998,44,1,5,102.0,2017,1.0,2,TT,5,35,2018-04-18 07:56:52,,7,5
530970644126144,374009833489998,44,1,5,102.0,2017,3.0,2,FB,1,3,2018-04-18 07:56:52,,7,5
530970645126144,374009833489998,44,1,5,102.0,2017,3.0,2,FB,2,0,2018-04-18 07:56:52,,7,5
530970646126144,374009833489998,44,1,5,102.0,2017,3.0,2,FB,3,0,2018-04-18 07:56:52,,7,5
530970647126144,374009833489998,44,1,5,102.0,2017,3.0,2,FB,4,0,2018-04-18 07:56:52,,7,5
530970648126144,374009833489998,44,1,5,102.0,2017,3.0,2,FB,5,3,2018-04-18 07:56:52,,7,5
530970649126144,374009833489998,44,1,5,102.0,2017,3.0,2,GR,1,2,2018-04-18 07:56:52,,7,5
530970650126144,374009833489998,44,1,5,102.0,2017,3.0,2,GR,2,0,2018-04-18 07:56:52,,7,5
530970651126144,374009833489998,44,1,5,102.0,2017,3.0,2,GR,3,0,2018-04-18 07:56:52,,7,5
530970652126144,374009833489998,44,1,5,102.0,2017,3.0,2,GR,4,0,2018-04-18 07:56:52,,7,5
530970653126144,374009833489998,44,1,5,102.0,2017,3.0,2,GR,5,2,2018-04-18 07:56:52,,7,5
530970634126144,374009833489998,44,1,5,102.0,2017,3.0,2,NT,1,0,2018-04-18 07:56:52,,7,5
530970635126144,374009833489998,44,1,5,102.0,2017,3.0,2,NT,2,0,2018-04-18 07:56:52,,7,5
530970636126144,374009833489998,44,1,5,102.0,2017,3.0,2,NT,3,0,2018-04-18 07:56:52,,7,5
530970637126144,374009833489998,44,1,5,102.0,2017,3.0,2,NT,4,0,2018-04-18 07:56:52,,7,5
530970638126144,374009833489998,44,1,5,102.0,2017,3.0,2,NT,5,0,2018-04-18 07:56:52,,7,5
530970639126144,374009833489998,44,1,5,102.0,2017,3.0,2,SH,1,30,2018-04-18 07:56:52,,7,5
530970640126144,374009833489998,44,1,5,102.0,2017,3.0,2,SH,2,25,2018-04-18 07:56:52,,7,5
530970641126144,374009833489998,44,1,5,102.0,2017,3.0,2,SH,3,10,2018-04-18 07:56:52,,7,5
530970642126144,374009833489998,44,1,5,102.0,2017,3.0,2,SH,4,5,2018-04-18 07:56:52,,7,5
530970643126144,374009833489998,44,1,5,102.0,2017,3.0,2,SH,5,32,2018-04-18 07:56:52,,7,5
530970629126144,374009833489998,44,1,5,102.0,2017,3.0,2,TT,1,5,2018-04-18 07:56:52,,7,5
530970630126144,374009833489998,44,1,5,102.0,2017,3.0,2,TT,2,15,2018-04-18 07:56:52,,7,5
530970631126144,374009833489998,44,1,5,102.0,2017,3.0,2,TT,3,30,2018-04-18 07:56:52,,7,5
530970632126144,374009833489998,44,1,5,102.0,2017,3.0,2,TT,4,36,2018-04-18 07:56:52,,7,5
530970633126144,374009833489998,44,1,5,102.0,2017,3.0,2,TT,5,36,2018-04-18 07:56:52,,7,5
530970674126144,374009833489998,44,1,5,102.0,2017,4.0,2,FB,1,1,2018-04-18 07:56:52,,7,5
530970675126144,374009833489998,44,1,5,102.0,2017,4.0,2,FB,2,0,2018-04-18 07:56:52,,7,5
530970676126144,374009833489998,44,1,5,102.0,2017,4.0,2,FB,3,0,2018-04-18 07:56:52,,7,5
530970677126144,374009833489998,44,1,5,102.0,2017,4.0,2,FB,4,0,2018-04-18 07:56:52,,7,5
530970678126144,374009833489998,44,1,5,102.0,2017,4.0,2,FB,5,1,2018-04-18 07:56:52,,7,5
530970679126144,374009833489998,44,1,5,102.0,2017,4.0,2,GR,1,0,2018-04-18 07:56:52,,7,5
530970680126144,374009833489998,44,1,5,102.0,2017,4.0,2,GR,2,0,2018-04-18 07:56:52,,7,5
530970681126144,374009833489998,44,1,5,102.0,2017,4.0,2,GR,3,0,2018-04-18 07:56:52,,7,5
530970682126144,374009833489998,44,1,5,102.0,2017,4.0,2,GR,4,0,2018-04-18 07:56:52,,7,5
530970683126144,374009833489998,44,1,5,102.0,2017,4.0,2,GR,5,0,2018-04-18 07:56:52,,7,5
530970664126144,374009833489998,44,1,5,102.0,2017,4.0,2,NT,1,1,2018-04-18 07:56:52,,7,5
530970665126144,374009833489998,44,1,5,102.0,2017,4.0,2,NT,2,2,2018-04-18 07:56:52,,7,5
530970666126144,374009833489998,44,1,5,102.0,2017,4.0,2,NT,3,20,2018-04-18 07:56:52,,7,5
530970667126144,374009833489998,44,1,5,102.0,2017,4.0,2,NT,4,1,2018-04-18 07:56:52,,7,5
530970668126144,374009833489998,44,1,5,102.0,2017,4.0,2,NT,5,20,2018-04-18 07:56:52,,7,5
530970669126144,374009833489998,44,1,5,102.0,2017,4.0,2,SH,1,100,2018-04-18 07:56:52,,7,5
530970670126144,374009833489998,44,1,5,102.0,2017,4.0,2,SH,2,100,2018-04-18 07:56:52,,7,5
530970671126144,374009833489998,44,1,5,102.0,2017,4.0,2,SH,3,65,2018-04-18 07:56:52,,7,5
530970672126144,374009833489998,44,1,5,102.0,2017,4.0,2,SH,4,0,2018-04-18 07:56:52,,7,5
530970673126144,374009833489998,44,1,5,102.0,2017,4.0,2,SH,5,100,2018-04-18 07:56:52,,7,5
530970662126144,374009833489998,44,1,5,102.0,2017,4.0,2,TT,4,95,2018-04-18 07:56:52,,7,5
530970659126144,374009833489998,44,1,5,102.0,2017,4.0,2,TT,1,1,2018-04-18 07:56:52,,7,5
530970660126144,374009833489998,44,1,5,102.0,2017,4.0,2,TT,2,1,2018-04-18 07:56:52,,7,5
530970661126144,374009833489998,44,1,5,102.0,2017,4.0,2,TT,3,5,2018-04-18 07:56:52,,7,5
530970663126144,374009833489998,44,1,5,102.0,2017,4.0,2,TT,5,95,2018-04-18 07:56:52,,7,5
1225966719290487,602592932126144,44,1,7,169.0,2020,1.0,1,FB,1,20,2022-07-15 12:06:36,,8,2
1225966720290487,602592932126144,44,1,7,169.0,2020,1.0,1,FB,2,5,2022-07-15 12:06:36,,8,2
1225966721290487,602592932126144,44,1,7,169.0,2020,1.0,1,FB,3,0,2022-07-15 12:06:36,,8,2
1225966722290487,602592932126144,44,1,7,169.0,2020,1.0,1,FB,4,0,2022-07-15 12:06:36,,8,2
1225966723290487,602592932126144,44,1,7,169.0,2020,1.0,1,FB,5,20,2022-07-15 12:06:36,,8,2
1225966724290487,602592932126144,44,1,7,169.0,2020,1.0,1,GR,1,30,2022-07-15 12:06:37,,8,2
1225966725290487,602592932126144,44,1,7,169.0,2020,1.0,1,GR,2,0,2022-07-15 12:06:37,,8,2
1225966726290487,602592932126144,44,1,7,169.0,2020,1.0,1,GR,3,0,2022-07-15 12:06:37,,8,2
1225966727290487,602592932126144,44,1,7,169.0,2020,1.0,1,GR,4,0,2022-07-15 12:06:37,,8,2
1225966728290487,602592932126144,44,1,7,169.0,2020,1.0,1,GR,5,30,2022-07-15 12:06:37,,8,2
1225966709290487,602592932126144,44,1,7,169.0,2020,1.0,1,NT,1,0,2022-07-15 12:06:36,,8,2
1225966710290487,602592932126144,44,1,7,169.0,2020,1.0,1,NT,2,0,2022-07-15 12:06:36,,8,2
1225966711290487,602592932126144,44,1,7,169.0,2020,1.0,1,NT,3,0,2022-07-15 12:06:36,,8,2
1225966712290487,602592932126144,44,1,7,169.0,2020,1.0,1,NT,4,0,2022-07-15 12:06:36,,8,2
1225966713290487,602592932126144,44,1,7,169.0,2020,1.0,1,NT,5,0,2022-07-15 12:06:36,,8,2
1225966714290487,602592932126144,44,1,7,169.0,2020,1.0,1,SH,1,25,2022-07-15 12:06:36,,8,2
1225966715290487,602592932126144,44,1,7,169.0,2020,1.0,1,SH,2,10,2022-07-15 12:06:36,,8,2
1225966716290487,602592932126144,44,1,7,169.0,2020,1.0,1,SH,3,1,2022-07-15 12:06:36,,8,2
1225966717290487,602592932126144,44,1,7,169.0,2020,1.0,1,SH,4,0,2022-07-15 12:06:36,,8,2
1225966718290487,602592932126144,44,1,7,169.0,2020,1.0,1,SH,5,25,2022-07-15 12:06:36,,8,2
1225966704290487,602592932126144,44,1,7,169.0,2020,1.0,1,TT,1,45,2022-07-15 12:06:36,,8,2
1225966705290487,602592932126144,44,1,7,169.0,2020,1.0,1,TT,2,45,2022-07-15 12:06:36,,8,2
1225966706290487,602592932126144,44,1,7,169.0,2020,1.0,1,TT,3,10,2022-07-15 12:06:36,,8,2
1225966707290487,602592932126144,44,1,7,169.0,2020,1.0,1,TT,4,45,2022-07-15 12:06:36,,8,2
1225966708290487,602592932126144,44,1,7,169.0,2020,1.0,1,TT,5,75,2022-07-15 12:06:36,,8,2
1225966749290487,602592932126144,44,1,7,169.0,2020,2.0,1,FB,1,4,2022-07-15 12:06:37,,8,2
1225966750290487,602592932126144,44,1,7,169.0,2020,2.0,1,FB,2,0,2022-07-15 12:06:37,,8,2
1225966751290487,602592932126144,44,1,7,169.0,2020,2.0,1,FB,3,0,2022-07-15 12:06:37,,8,2
1225966752290487,602592932126144,44,1,7,169.0,2020,2.0,1,FB,4,0,2022-07-15 12:06:37,,8,2
1225966753290487,602592932126144,44,1,7,169.0,2020,2.0,1,FB,5,4,2022-07-15 12:06:37,,8,2
1225966754290487,602592932126144,44,1,7,169.0,2020,2.0,1,GR,1,5,2022-07-15 12:06:37,,8,2
1225966755290487,602592932126144,44,1,7,169.0,2020,2.0,1,GR,2,1,2022-07-15 12:06:37,,8,2
1225966756290487,602592932126144,44,1,7,169.0,2020,2.0,1,GR,3,0,2022-07-15 12:06:37,,8,2
1225966757290487,602592932126144,44,1,7,169.0,2020,2.0,1,GR,4,0,2022-07-15 12:06:37,,8,2
1225966758290487,602592932126144,44,1,7,169.0,2020,2.0,1,GR,5,5,2022-07-15 12:06:37,,8,2
1225966739290487,602592932126144,44,1,7,169.0,2020,2.0,1,NT,1,0,2022-07-15 12:06:37,,8,2
1225966740290487,602592932126144,44,1,7,169.0,2020,2.0,1,NT,2,0,2022-07-15 12:06:37,,8,2
1225966741290487,602592932126144,44,1,7,169.0,2020,2.0,1,NT,3,0,2022-07-15 12:06:37,,8,2
1225966742290487,602592932126144,44,1,7,169.0,2020,2.0,1,NT,4,0,2022-07-15 12:06:37,,8,2
1225966743290487,602592932126144,44,1,7,169.0,2020,2.0,1,NT,5,0,2022-07-15 12:06:37,,8,2
1225966744290487,602592932126144,44,1,7,169.0,2020,2.0,1,SH,1,10,2022-07-15 12:06:37,,8,2
1225966745290487,602592932126144,44,1,7,169.0,2020,2.0,1,SH,2,5,2022-07-15 12:06:37,,8,2
1225966746290487,602592932126144,44,1,7,169.0,2020,2.0,1,SH,3,1,2022-07-15 12:06:37,,8,2
1225966747290487,602592932126144,44,1,7,169.0,2020,2.0,1,SH,4,0,2022-07-15 12:06:37,,8,2
1225966748290487,602592932126144,44,1,7,169.0,2020,2.0,1,SH,5,15,2022-07-15 12:06:37,,8,2
1225966734290487,602592932126144,44,1,7,169.0,2020,2.0,1,TT,1,60,2022-07-15 12:06:37,,8,2
1225966735290487,602592932126144,44,1,7,169.0,2020,2.0,1,TT,2,60,2022-07-15 12:06:37,,8,2
1225966736290487,602592932126144,44,1,7,169.0,2020,2.0,1,TT,3,25,2022-07-15 12:06:37,,8,2
1225966737290487,602592932126144,44,1,7,169.0,2020,2.0,1,TT,4,40,2022-07-15 12:06:37,,8,2
1225966738290487,602592932126144,44,1,7,169.0,2020,2.0,1,TT,5,80,2022-07-15 12:06:37,,8,2
1225966779290487,602592932126144,44,1,7,169.0,2020,3.0,1,FB,1,15,2022-07-15 12:06:37,,8,2
1225966780290487,602592932126144,44,1,7,169.0,2020,3.0,1,FB,2,3,2022-07-15 12:06:37,,8,2
1225966781290487,602592932126144,44,1,7,169.0,2020,3.0,1,FB,3,0,2022-07-15 12:06:37,,8,2
1225966782290487,602592932126144,44,1,7,169.0,2020,3.0,1,FB,4,0,2022-07-15 12:06:37,,8,2
1225966783290487,602592932126144,44,1,7,169.0,2020,3.0,1,FB,5,15,2022-07-15 12:06:37,,8,2
1225966784290487,602592932126144,44,1,7,169.0,2020,3.0,1,GR,1,1,2022-07-15 12:06:37,,8,2
1225966785290487,602592932126144,44,1,7,169.0,2020,3.0,1,GR,2,0,2022-07-15 12:06:37,,8,2
1225966786290487,602592932126144,44,1,7,169.0,2020,3.0,1,GR,3,0,2022-07-15 12:06:37,,8,2
1225966787290487,602592932126144,44,1,7,169.0,2020,3.0,1,GR,4,0,2022-07-15 12:06:37,,8,2
1225966788290487,602592932126144,44,1,7,169.0,2020,3.0,1,GR,5,1,2022-07-15 12:06:37,,8,2
1225966769290487,602592932126144,44,1,7,169.0,2020,3.0,1,NT,1,0,2022-07-15 12:06:37,,8,2
1225966770290487,602592932126144,44,1,7,169.0,2020,3.0,1,NT,2,0,2022-07-15 12:06:37,,8,2
1225966771290487,602592932126144,44,1,7,169.0,2020,3.0,1,NT,3,0,2022-07-15 12:06:37,,8,2
1225966772290487,602592932126144,44,1,7,169.0,2020,3.0,1,NT,4,0,2022-07-15 12:06:37,,8,2
1225966773290487,602592932126144,44,1,7,169.0,2020,3.0,1,NT,5,0,2022-07-15 12:06:37,,8,2
1225966774290487,602592932126144,44,1,7,169.0,2020,3.0,1,SH,1,95,2022-07-15 12:06:37,,8,2
1225966775290487,602592932126144,44,1,7,169.0,2020,3.0,1,SH,2,95,2022-07-15 12:06:37,,8,2
1225966776290487,602592932126144,44,1,7,169.0,2020,3.0,1,SH,3,70,2022-07-15 12:06:37,,8,2
1225966777290487,602592932126144,44,1,7,169.0,2020,3.0,1,SH,4,35,2022-07-15 12:06:37,,8,2
1225966778290487,602592932126144,44,1,7,169.0,2020,3.0,1,SH,5,95,2022-07-15 12:06:37,,8,2
1225966764290487,602592932126144,44,1,7,169.0,2020,3.0,1,TT,1,5,2022-07-15 12:06:37,,8,2
1225966765290487,602592932126144,44,1,7,169.0,2020,3.0,1,TT,2,7,2022-07-15 12:06:37,,8,2
1225966766290487,602592932126144,44,1,7,169.0,2020,3.0,1,TT,3,10,2022-07-15 12:06:37,,8,2
1225966767290487,602592932126144,44,1,7,169.0,2020,3.0,1,TT,4,45,2022-07-15 12:06:37,,8,2
1225966768290487,602592932126144,44,1,7,169.0,2020,3.0,1,TT,5,55,2022-07-15 12:06:37,,8,2
1225966809290487,602592932126144,44,1,7,169.0,2020,4.0,1,FB,1,3,2022-07-15 12:06:37,,8,2
1225966810290487,602592932126144,44,1,7,169.0,2020,4.0,1,FB,2,0,2022-07-15 12:06:37,,8,2
1225966811290487,602592932126144,44,1,7,169.0,2020,4.0,1,FB,3,0,2022-07-15 12:06:37,,8,2
1225966812290487,602592932126144,44,1,7,169.0,2020,4.0,1,FB,4,0,2022-07-15 12:06:37,,8,2
1225966813290487,602592932126144,44,1,7,169.0,2020,4.0,1,FB,5,3,2022-07-15 12:06:37,,8,2
1225966814290487,602592932126144,44,1,7,169.0,2020,4.0,1,GR,1,40,2022-07-15 12:06:37,,8,2
1225966815290487,602592932126144,44,1,7,169.0,2020,4.0,1,GR,2,0,2022-07-15 12:06:37,,8,2
1225966816290487,602592932126144,44,1,7,169.0,2020,4.0,1,GR,3,0,2022-07-15 12:06:37,,8,2
1225966817290487,602592932126144,44,1,7,169.0,2020,4.0,1,GR,4,0,2022-07-15 12:06:37,,8,2
1225966818290487,602592932126144,44,1,7,169.0,2020,4.0,1,GR,5,40,2022-07-15 12:06:37,,8,2
1225966799290487,602592932126144,44,1,7,169.0,2020,4.0,1,NT,1,0,2022-07-15 12:06:37,,8,2
1225966800290487,602592932126144,44,1,7,169.0,2020,4.0,1,NT,2,0,2022-07-15 12:06:37,,8,2
1225966801290487,602592932126144,44,1,7,169.0,2020,4.0,1,NT,3,0,2022-07-15 12:06:37,,8,2
1225966802290487,602592932126144,44,1,7,169.0,2020,4.0,1,NT,4,0,2022-07-15 12:06:37,,8,2
1225966803290487,602592932126144,44,1,7,169.0,2020,4.0,1,NT,5,0,2022-07-15 12:06:37,,8,2
1225966804290487,602592932126144,44,1,7,169.0,2020,4.0,1,SH,1,50,2022-07-15 12:06:37,,8,2
1225966805290487,602592932126144,44,1,7,169.0,2020,4.0,1,SH,2,3,2022-07-15 12:06:37,,8,2
1225966806290487,602592932126144,44,1,7,169.0,2020,4.0,1,SH,3,0,2022-07-15 12:06:37,,8,2
1225966807290487,602592932126144,44,1,7,169.0,2020,4.0,1,SH,4,0,2022-07-15 12:06:37,,8,2
1225966808290487,602592932126144,44,1,7,169.0,2020,4.0,1,SH,5,50,2022-07-15 12:06:37,,8,2
1225966794290487,602592932126144,44,1,7,169.0,2020,4.0,1,TT,1,15,2022-07-15 12:06:37,,8,2
1225966795290487,602592932126144,44,1,7,169.0,2020,4.0,1,TT,2,10,2022-07-15 12:06:37,,8,2
1225966796290487,602592932126144,44,1,7,169.0,2020,4.0,1,TT,3,5,2022-07-15 12:06:37,,8,2
1225966797290487,602592932126144,44,1,7,169.0,2020,4.0,1,TT,4,50,2022-07-15 12:06:37,,8,2
1225966798290487,602592932126144,44,1,7,169.0,2020,4.0,1,TT,5,65,2022-07-15 12:06:37,,8,2
1225966649290487,602592930126144,44,1,7,172.0,2020,2.0,2,FB,1,10,2022-07-15 12:06:36,,8,2
1225966650290487,602592930126144,44,1,7,172.0,2020,2.0,2,FB,2,0,2022-07-15 12:06:36,,8,2
1225966651290487,602592930126144,44,1,7,172.0,2020,2.0,2,FB,3,0,2022-07-15 12:06:36,,8,2
1225966652290487,602592930126144,44,1,7,172.0,2020,2.0,2,FB,4,0,2022-07-15 12:06:36,,8,2
1225966653290487,602592930126144,44,1,7,172.0,2020,2.0,2,FB,5,10,2022-07-15 12:06:36,,8,2
1225966654290487,602592930126144,44,1,7,172.0,2020,2.0,2,GR,1,0,2022-07-15 12:06:36,,8,2
1225966655290487,602592930126144,44,1,7,172.0,2020,2.0,2,GR,2,0,2022-07-15 12:06:36,,8,2
1225966656290487,602592930126144,44,1,7,172.0,2020,2.0,2,GR,3,0,2022-07-15 12:06:36,,8,2
1225966657290487,602592930126144,44,1,7,172.0,2020,2.0,2,GR,4,0,2022-07-15 12:06:36,,8,2
1225966658290487,602592930126144,44,1,7,172.0,2020,2.0,2,GR,5,0,2022-07-15 12:06:36,,8,2
1225966639290487,602592930126144,44,1,7,172.0,2020,2.0,2,NT,1,0,2022-07-15 12:06:36,,8,2
1225966640290487,602592930126144,44,1,7,172.0,2020,2.0,2,NT,2,0,2022-07-15 12:06:36,,8,2
1225966641290487,602592930126144,44,1,7,172.0,2020,2.0,2,NT,3,0,2022-07-15 12:06:36,,8,2
1225966642290487,602592930126144,44,1,7,172.0,2020,2.0,2,NT,4,0,2022-07-15 12:06:36,,8,2
1225966643290487,602592930126144,44,1,7,172.0,2020,2.0,2,NT,5,0,2022-07-15 12:06:36,,8,2
1225966644290487,602592930126144,44,1,7,172.0,2020,2.0,2,SH,1,3,2022-07-15 12:06:36,,8,2
1225966645290487,602592930126144,44,1,7,172.0,2020,2.0,2,SH,2,5,2022-07-15 12:06:36,,8,2
1225966646290487,602592930126144,44,1,7,172.0,2020,2.0,2,SH,3,25,2022-07-15 12:06:36,,8,2
1225966647290487,602592930126144,44,1,7,172.0,2020,2.0,2,SH,4,0,2022-07-15 12:06:36,,8,2
1225966648290487,602592930126144,44,1,7,172.0,2020,2.0,2,SH,5,25,2022-07-15 12:06:36,,8,2
1225966634290487,602592930126144,44,1,7,172.0,2020,2.0,2,TT,1,2,2022-07-15 12:06:36,,8,2
1225966635290487,602592930126144,44,1,7,172.0,2020,2.0,2,TT,2,5,2022-07-15 12:06:36,,8,2
1225966636290487,602592930126144,44,1,7,172.0,2020,2.0,2,TT,3,40,2022-07-15 12:06:36,,8,2
1225966637290487,602592930126144,44,1,7,172.0,2020,2.0,2,TT,4,95,2022-07-15 12:06:36,,8,2
1225966638290487,602592930126144,44,1,7,172.0,2020,2.0,2,TT,5,95,2022-07-15 12:06:36,,8,2
1268327236290487,719910088290487,44,1,3,135.0,2021,1.0,1,FB,1,1,2022-11-04 16:07:27,,8,3
1268327237290487,719910088290487,44,1,3,135.0,2021,1.0,1,FB,2,0,2022-11-04 16:07:27,,8,3
1268327238290487,719910088290487,44,1,3,135.0,2021,1.0,1,FB,3,0,2022-11-04 16:07:27,,8,3
1268327239290487,719910088290487,44,1,3,135.0,2021,1.0,1,FB,4,0,2022-11-04 16:07:27,,8,3
1268327240290487,719910088290487,44,1,3,135.0,2021,1.0,1,FB,5,1,2022-11-04 16:07:27,,8,3
1268327241290487,719910088290487,44,1,3,135.0,2021,1.0,1,GR,1,0,2022-11-04 16:07:27,,8,3
1268327242290487,719910088290487,44,1,3,135.0,2021,1.0,1,GR,2,0,2022-11-04 16:07:27,,8,3
1268327243290487,719910088290487,44,1,3,135.0,2021,1.0,1,GR,3,0,2022-11-04 16:07:27,,8,3
1268327244290487,719910088290487,44,1,3,135.0,2021,1.0,1,GR,4,0,2022-11-04 16:07:27,,8,3
1268327245290487,719910088290487,44,1,3,135.0,2021,1.0,1,GR,5,0,2022-11-04 16:07:27,,8,3
1268327226290487,719910088290487,44,1,3,135.0,2021,1.0,1,NT,1,0,2022-11-04 16:07:27,,8,3
1268327227290487,719910088290487,44,1,3,135.0,2021,1.0,1,NT,2,0,2022-11-04 16:07:27,,8,3
1268327231290487,719910088290487,44,1,3,135.0,2021,1.0,1,SH,1,2,2022-11-04 16:07:27,,8,3
1268327228290487,719910088290487,44,1,3,135.0,2021,1.0,1,NT,3,0,2022-11-04 16:07:27,,8,3
1268327229290487,719910088290487,44,1,3,135.0,2021,1.0,1,NT,4,0,2022-11-04 16:07:27,,8,3
1268327230290487,719910088290487,44,1,3,135.0,2021,1.0,1,NT,5,0,2022-11-04 16:07:27,,8,3
1268327232290487,719910088290487,44,1,3,135.0,2021,1.0,1,SH,2,40,2022-11-04 16:07:27,,8,3
1268327233290487,719910088290487,44,1,3,135.0,2021,1.0,1,SH,3,45,2022-11-04 16:07:27,,8,3
1268327234290487,719910088290487,44,1,3,135.0,2021,1.0,1,SH,4,0,2022-11-04 16:07:27,,8,3
1268327235290487,719910088290487,44,1,3,135.0,2021,1.0,1,SH,5,45,2022-11-04 16:07:27,,8,3
1268327221290487,719910088290487,44,1,3,135.0,2021,1.0,1,TT,1,4,2022-11-04 16:07:27,,8,3
1268327222290487,719910088290487,44,1,3,135.0,2021,1.0,1,TT,2,10,2022-11-04 16:07:27,,8,3
1268327223290487,719910088290487,44,1,3,135.0,2021,1.0,1,TT,3,35,2022-11-04 16:07:27,,8,3
1268327224290487,719910088290487,44,1,3,135.0,2021,1.0,1,TT,4,85,2022-11-04 16:07:27,,8,3
1268327225290487,719910088290487,44,1,3,135.0,2021,1.0,1,TT,5,90,2022-11-04 16:07:27,,8,3
1268327266290487,719910088290487,44,1,3,135.0,2021,2.0,1,FB,1,1,2022-11-04 16:07:27,,8,3
1268327267290487,719910088290487,44,1,3,135.0,2021,2.0,1,FB,2,0,2022-11-04 16:07:27,,8,3
1268327268290487,719910088290487,44,1,3,135.0,2021,2.0,1,FB,3,0,2022-11-04 16:07:27,,8,3
1268327269290487,719910088290487,44,1,3,135.0,2021,2.0,1,FB,4,0,2022-11-04 16:07:27,,8,3
1268327270290487,719910088290487,44,1,3,135.0,2021,2.0,1,FB,5,1,2022-11-04 16:07:27,,8,3
1268327271290487,719910088290487,44,1,3,135.0,2021,2.0,1,GR,1,0,2022-11-04 16:07:27,,8,3
1268327272290487,719910088290487,44,1,3,135.0,2021,2.0,1,GR,2,0,2022-11-04 16:07:27,,8,3
1268327273290487,719910088290487,44,1,3,135.0,2021,2.0,1,GR,3,0,2022-11-04 16:07:27,,8,3
1268327274290487,719910088290487,44,1,3,135.0,2021,2.0,1,GR,4,0,2022-11-04 16:07:27,,8,3
1268327275290487,719910088290487,44,1,3,135.0,2021,2.0,1,GR,5,0,2022-11-04 16:07:27,,8,3
1268327256290487,719910088290487,44,1,3,135.0,2021,2.0,1,NT,1,0,2022-11-04 16:07:27,,8,3
1268327257290487,719910088290487,44,1,3,135.0,2021,2.0,1,NT,2,0,2022-11-04 16:07:27,,8,3
1268327258290487,719910088290487,44,1,3,135.0,2021,2.0,1,NT,3,0,2022-11-04 16:07:27,,8,3
1268327259290487,719910088290487,44,1,3,135.0,2021,2.0,1,NT,4,0,2022-11-04 16:07:27,,8,3
1268327260290487,719910088290487,44,1,3,135.0,2021,2.0,1,NT,5,0,2022-11-04 16:07:27,,8,3
1268327261290487,719910088290487,44,1,3,135.0,2021,2.0,1,SH,1,3,2022-11-04 16:07:27,,8,3
1268327262290487,719910088290487,44,1,3,135.0,2021,2.0,1,SH,2,1,2022-11-04 16:07:27,,8,3
1268327263290487,719910088290487,44,1,3,135.0,2021,2.0,1,SH,3,0,2022-11-04 16:07:27,,8,3
1268327264290487,719910088290487,44,1,3,135.0,2021,2.0,1,SH,4,0,2022-11-04 16:07:27,,8,3
1268327265290487,719910088290487,44,1,3,135.0,2021,2.0,1,SH,5,3,2022-11-04 16:07:27,,8,3
1268327251290487,719910088290487,44,1,3,135.0,2021,2.0,1,TT,1,8,2022-11-04 16:07:27,,8,3
1268327252290487,719910088290487,44,1,3,135.0,2021,2.0,1,TT,2,33,2022-11-04 16:07:27,,8,3
1268327253290487,719910088290487,44,1,3,135.0,2021,2.0,1,TT,3,70,2022-11-04 16:07:27,,8,3
1268327254290487,719910088290487,44,1,3,135.0,2021,2.0,1,TT,4,95,2022-11-04 16:07:27,,8,3
1268327255290487,719910088290487,44,1,3,135.0,2021,2.0,1,TT,5,95,2022-11-04 16:07:27,,8,3
1268327296290487,719910088290487,44,1,3,135.0,2021,3.0,1,FB,1,1,2022-11-04 16:07:27,,8,3
1268327297290487,719910088290487,44,1,3,135.0,2021,3.0,1,FB,2,0,2022-11-04 16:07:27,,8,3
1268327298290487,719910088290487,44,1,3,135.0,2021,3.0,1,FB,3,0,2022-11-04 16:07:27,,8,3
1268327299290487,719910088290487,44,1,3,135.0,2021,3.0,1,FB,4,0,2022-11-04 16:07:27,,8,3
1268327300290487,719910088290487,44,1,3,135.0,2021,3.0,1,FB,5,1,2022-11-04 16:07:27,,8,3
1268327301290487,719910088290487,44,1,3,135.0,2021,3.0,1,GR,1,0,2022-11-04 16:07:27,,8,3
1268327302290487,719910088290487,44,1,3,135.0,2021,3.0,1,GR,2,0,2022-11-04 16:07:27,,8,3
1268327303290487,719910088290487,44,1,3,135.0,2021,3.0,1,GR,3,0,2022-11-04 16:07:27,,8,3
1268327304290487,719910088290487,44,1,3,135.0,2021,3.0,1,GR,4,0,2022-11-04 16:07:27,,8,3
1268327305290487,719910088290487,44,1,3,135.0,2021,3.0,1,GR,5,0,2022-11-04 16:07:27,,8,3
1268327286290487,719910088290487,44,1,3,135.0,2021,3.0,1,NT,1,0,2022-11-04 16:07:27,,8,3
1268327287290487,719910088290487,44,1,3,135.0,2021,3.0,1,NT,2,0,2022-11-04 16:07:27,,8,3
1268327288290487,719910088290487,44,1,3,135.0,2021,3.0,1,NT,3,0,2022-11-04 16:07:27,,8,3
1268327289290487,719910088290487,44,1,3,135.0,2021,3.0,1,NT,4,0,2022-11-04 16:07:27,,8,3
1268327290290487,719910088290487,44,1,3,135.0,2021,3.0,1,NT,5,0,2022-11-04 16:07:27,,8,3
1268327291290487,719910088290487,44,1,3,135.0,2021,3.0,1,SH,1,90,2022-11-04 16:07:27,,8,3
1268327292290487,719910088290487,44,1,3,135.0,2021,3.0,1,SH,2,60,2022-11-04 16:07:27,,8,3
1268327293290487,719910088290487,44,1,3,135.0,2021,3.0,1,SH,3,10,2022-11-04 16:07:27,,8,3
1268327294290487,719910088290487,44,1,3,135.0,2021,3.0,1,SH,4,0,2022-11-04 16:07:27,,8,3
1268327295290487,719910088290487,44,1,3,135.0,2021,3.0,1,SH,5,90,2022-11-04 16:07:27,,8,3
1268327281290487,719910088290487,44,1,3,135.0,2021,3.0,1,TT,1,6,2022-11-04 16:07:27,,8,3
1268327282290487,719910088290487,44,1,3,135.0,2021,3.0,1,TT,2,20,2022-11-04 16:07:27,,8,3
1268327283290487,719910088290487,44,1,3,135.0,2021,3.0,1,TT,3,55,2022-11-04 16:07:27,,8,3
1268327284290487,719910088290487,44,1,3,135.0,2021,3.0,1,TT,4,85,2022-11-04 16:07:27,,8,3
1268327285290487,719910088290487,44,1,3,135.0,2021,3.0,1,TT,5,90,2022-11-04 16:07:27,,8,3
1268327326290487,719910088290487,44,1,3,135.0,2021,4.0,1,FB,1,0,2022-11-04 16:07:27,,8,3
1268327327290487,719910088290487,44,1,3,135.0,2021,4.0,1,FB,2,0,2022-11-04 16:07:27,,8,3
1268327328290487,719910088290487,44,1,3,135.0,2021,4.0,1,FB,3,0,2022-11-04 16:07:27,,8,3
1268327329290487,719910088290487,44,1,3,135.0,2021,4.0,1,FB,4,0,2022-11-04 16:07:27,,8,3
1268327330290487,719910088290487,44,1,3,135.0,2021,4.0,1,FB,5,0,2022-11-04 16:07:27,,8,3
1268327331290487,719910088290487,44,1,3,135.0,2021,4.0,1,GR,1,0,2022-11-04 16:07:27,,8,3
1268327332290487,719910088290487,44,1,3,135.0,2021,4.0,1,GR,2,0,2022-11-04 16:07:27,,8,3
1268327333290487,719910088290487,44,1,3,135.0,2021,4.0,1,GR,3,0,2022-11-04 16:07:27,,8,3
1268327334290487,719910088290487,44,1,3,135.0,2021,4.0,1,GR,4,0,2022-11-04 16:07:27,,8,3
1268327335290487,719910088290487,44,1,3,135.0,2021,4.0,1,GR,5,0,2022-11-04 16:07:27,,8,3
1268327316290487,719910088290487,44,1,3,135.0,2021,4.0,1,NT,1,0,2022-11-04 16:07:27,,8,3
1268327317290487,719910088290487,44,1,3,135.0,2021,4.0,1,NT,2,0,2022-11-04 16:07:27,,8,3
1268327318290487,719910088290487,44,1,3,135.0,2021,4.0,1,NT,3,0,2022-11-04 16:07:27,,8,3
1268327319290487,719910088290487,44,1,3,135.0,2021,4.0,1,NT,4,0,2022-11-04 16:07:27,,8,3
1268327320290487,719910088290487,44,1,3,135.0,2021,4.0,1,NT,5,0,2022-11-04 16:07:27,,8,3
1268327321290487,719910088290487,44,1,3,135.0,2021,4.0,1,SH,1,25,2022-11-04 16:07:27,,8,3
1268327322290487,719910088290487,44,1,3,135.0,2021,4.0,1,SH,2,60,2022-11-04 16:07:27,,8,3
1268327323290487,719910088290487,44,1,3,135.0,2021,4.0,1,SH,3,25,2022-11-04 16:07:27,,8,3
1268327324290487,719910088290487,44,1,3,135.0,2021,4.0,1,SH,4,1,2022-11-04 16:07:27,,8,3
1268327325290487,719910088290487,44,1,3,135.0,2021,4.0,1,SH,5,60,2022-11-04 16:07:27,,8,3
1268327311290487,719910088290487,44,1,3,135.0,2021,4.0,1,TT,1,2,2022-11-04 16:07:27,,8,3
1268327312290487,719910088290487,44,1,3,135.0,2021,4.0,1,TT,2,4,2022-11-04 16:07:27,,8,3
1268327313290487,719910088290487,44,1,3,135.0,2021,4.0,1,TT,3,20,2022-11-04 16:07:27,,8,3
1268327314290487,719910088290487,44,1,3,135.0,2021,4.0,1,TT,4,80,2022-11-04 16:07:27,,8,3
1268327315290487,719910088290487,44,1,3,135.0,2021,4.0,1,TT,5,90,2022-11-04 16:07:27,,8,3
1415133507290487,815129911290487,44,1,7,113.0,2022,1.0,1,FB,1,2,2023-08-28 14:17:21,,8,4
1415133508290487,815129911290487,44,1,7,113.0,2022,1.0,1,FB,2,0,2023-08-28 14:17:21,,8,4
1415133509290487,815129911290487,44,1,7,113.0,2022,1.0,1,FB,3,0,2023-08-28 14:17:21,,8,4
1415133510290487,815129911290487,44,1,7,113.0,2022,1.0,1,FB,4,0,2023-08-28 14:17:21,,8,4
1415133511290487,815129911290487,44,1,7,113.0,2022,1.0,1,FB,5,2,2023-08-28 14:17:21,,8,4
1415133512290487,815129911290487,44,1,7,113.0,2022,1.0,1,GR,1,2,2023-08-28 14:17:21,,8,4
1415133513290487,815129911290487,44,1,7,113.0,2022,1.0,1,GR,2,0,2023-08-28 14:17:21,,8,4
1415133514290487,815129911290487,44,1,7,113.0,2022,1.0,1,GR,3,0,2023-08-28 14:17:21,,8,4
1415133515290487,815129911290487,44,1,7,113.0,2022,1.0,1,GR,4,0,2023-08-28 14:17:21,,8,4
1415133516290487,815129911290487,44,1,7,113.0,2022,1.0,1,GR,5,2,2023-08-28 14:17:21,,8,4
1415133497290487,815129911290487,44,1,7,113.0,2022,1.0,1,NT,1,0,2023-08-28 14:17:21,,8,4
1415133498290487,815129911290487,44,1,7,113.0,2022,1.0,1,NT,2,0,2023-08-28 14:17:21,,8,4
1415133499290487,815129911290487,44,1,7,113.0,2022,1.0,1,NT,3,0,2023-08-28 14:17:21,,8,4
1415133500290487,815129911290487,44,1,7,113.0,2022,1.0,1,NT,4,0,2023-08-28 14:17:21,,8,4
1415133501290487,815129911290487,44,1,7,113.0,2022,1.0,1,NT,5,0,2023-08-28 14:17:21,,8,4
1415133502290487,815129911290487,44,1,7,113.0,2022,1.0,1,SH,1,4,2023-08-28 14:17:21,,8,4
1415133503290487,815129911290487,44,1,7,113.0,2022,1.0,1,SH,2,5,2023-08-28 14:17:21,,8,4
1415133504290487,815129911290487,44,1,7,113.0,2022,1.0,1,SH,3,1,2023-08-28 14:17:21,,8,4
1415133505290487,815129911290487,44,1,7,113.0,2022,1.0,1,SH,4,0,2023-08-28 14:17:21,,8,4
1415133506290487,815129911290487,44,1,7,113.0,2022,1.0,1,SH,5,8,2023-08-28 14:17:21,,8,4
1415133492290487,815129911290487,44,1,7,113.0,2022,1.0,1,TT,1,1,2023-08-28 14:17:21,,8,4
1415133493290487,815129911290487,44,1,7,113.0,2022,1.0,1,TT,2,3,2023-08-28 14:17:21,,8,4
1415133494290487,815129911290487,44,1,7,113.0,2022,1.0,1,TT,3,35,2023-08-28 14:17:21,,8,4
1415133495290487,815129911290487,44,1,7,113.0,2022,1.0,1,TT,4,95,2023-08-28 14:17:21,,8,4
1415133496290487,815129911290487,44,1,7,113.0,2022,1.0,1,TT,5,95,2023-08-28 14:17:21,,8,4
1415133537290487,815129911290487,44,1,7,113.0,2022,2.0,1,FB,1,3,2023-08-28 14:17:21,,8,4
1415133538290487,815129911290487,44,1,7,113.0,2022,2.0,1,FB,2,0,2023-08-28 14:17:21,,8,4
1415133539290487,815129911290487,44,1,7,113.0,2022,2.0,1,FB,3,0,2023-08-28 14:17:21,,8,4
1415133540290487,815129911290487,44,1,7,113.0,2022,2.0,1,FB,4,0,2023-08-28 14:17:21,,8,4
1415133541290487,815129911290487,44,1,7,113.0,2022,2.0,1,FB,5,3,2023-08-28 14:17:21,,8,4
1415133542290487,815129911290487,44,1,7,113.0,2022,2.0,1,GR,1,2,2023-08-28 14:17:21,,8,4
1415133543290487,815129911290487,44,1,7,113.0,2022,2.0,1,GR,2,0,2023-08-28 14:17:21,,8,4
1415133544290487,815129911290487,44,1,7,113.0,2022,2.0,1,GR,3,0,2023-08-28 14:17:21,,8,4
1415133545290487,815129911290487,44,1,7,113.0,2022,2.0,1,GR,4,0,2023-08-28 14:17:21,,8,4
1415133546290487,815129911290487,44,1,7,113.0,2022,2.0,1,GR,5,2,2023-08-28 14:17:21,,8,4
1415133527290487,815129911290487,44,1,7,113.0,2022,2.0,1,NT,1,0,2023-08-28 14:17:21,,8,4
1415133528290487,815129911290487,44,1,7,113.0,2022,2.0,1,NT,2,0,2023-08-28 14:17:21,,8,4
1415133529290487,815129911290487,44,1,7,113.0,2022,2.0,1,NT,3,0,2023-08-28 14:17:21,,8,4
1415133530290487,815129911290487,44,1,7,113.0,2022,2.0,1,NT,4,0,2023-08-28 14:17:21,,8,4
1415133531290487,815129911290487,44,1,7,113.0,2022,2.0,1,NT,5,0,2023-08-28 14:17:21,,8,4
1415133532290487,815129911290487,44,1,7,113.0,2022,2.0,1,SH,1,5,2023-08-28 14:17:21,,8,4
1415133533290487,815129911290487,44,1,7,113.0,2022,2.0,1,SH,2,10,2023-08-28 14:17:21,,8,4
1415133534290487,815129911290487,44,1,7,113.0,2022,2.0,1,SH,3,3,2023-08-28 14:17:21,,8,4
1415133535290487,815129911290487,44,1,7,113.0,2022,2.0,1,SH,4,0,2023-08-28 14:17:21,,8,4
1415133536290487,815129911290487,44,1,7,113.0,2022,2.0,1,SH,5,15,2023-08-28 14:17:21,,8,4
1415133522290487,815129911290487,44,1,7,113.0,2022,2.0,1,TT,1,11,2023-08-28 14:17:21,,8,4
1415133523290487,815129911290487,44,1,7,113.0,2022,2.0,1,TT,2,20,2023-08-28 14:17:21,,8,4
1415133524290487,815129911290487,44,1,7,113.0,2022,2.0,1,TT,3,70,2023-08-28 14:17:21,,8,4
1415133525290487,815129911290487,44,1,7,113.0,2022,2.0,1,TT,4,90,2023-08-28 14:17:21,,8,4
1415133526290487,815129911290487,44,1,7,113.0,2022,2.0,1,TT,5,95,2023-08-28 14:17:21,,8,4
1415133567290487,815129911290487,44,1,7,113.0,2022,3.0,1,FB,1,6,2023-08-28 14:17:21,,8,4
1415133568290487,815129911290487,44,1,7,113.0,2022,3.0,1,FB,2,0,2023-08-28 14:17:21,,8,4
1415133569290487,815129911290487,44,1,7,113.0,2022,3.0,1,FB,3,0,2023-08-28 14:17:21,,8,4
1415133570290487,815129911290487,44,1,7,113.0,2022,3.0,1,FB,4,0,2023-08-28 14:17:21,,8,4
1415133571290487,815129911290487,44,1,7,113.0,2022,3.0,1,FB,5,6,2023-08-28 14:17:21,,8,4
1415133575290487,815129911290487,44,1,7,113.0,2022,3.0,1,GR,4,0,2023-08-28 14:17:21,,8,4
1415133572290487,815129911290487,44,1,7,113.0,2022,3.0,1,GR,1,1,2023-08-28 14:17:21,,8,4
1415133573290487,815129911290487,44,1,7,113.0,2022,3.0,1,GR,2,0,2023-08-28 14:17:21,,8,4
1415133574290487,815129911290487,44,1,7,113.0,2022,3.0,1,GR,3,0,2023-08-28 14:17:21,,8,4
1415133576290487,815129911290487,44,1,7,113.0,2022,3.0,1,GR,5,1,2023-08-28 14:17:21,,8,4
1415133557290487,815129911290487,44,1,7,113.0,2022,3.0,1,NT,1,0,2023-08-28 14:17:21,,8,4
1415133558290487,815129911290487,44,1,7,113.0,2022,3.0,1,NT,2,0,2023-08-28 14:17:21,,8,4
1415133559290487,815129911290487,44,1,7,113.0,2022,3.0,1,NT,3,0,2023-08-28 14:17:21,,8,4
1415133560290487,815129911290487,44,1,7,113.0,2022,3.0,1,NT,4,0,2023-08-28 14:17:21,,8,4
1415133561290487,815129911290487,44,1,7,113.0,2022,3.0,1,NT,5,0,2023-08-28 14:17:21,,8,4
1415133562290487,815129911290487,44,1,7,113.0,2022,3.0,1,SH,1,8,2023-08-28 14:17:21,,8,4
1415133563290487,815129911290487,44,1,7,113.0,2022,3.0,1,SH,2,20,2023-08-28 14:17:21,,8,4
1415133564290487,815129911290487,44,1,7,113.0,2022,3.0,1,SH,3,50,2023-08-28 14:17:21,,8,4
1415133565290487,815129911290487,44,1,7,113.0,2022,3.0,1,SH,4,2,2023-08-28 14:17:21,,8,4
1415133566290487,815129911290487,44,1,7,113.0,2022,3.0,1,SH,5,55,2023-08-28 14:17:21,,8,4
1415133552290487,815129911290487,44,1,7,113.0,2022,3.0,1,TT,1,2,2023-08-28 14:17:21,,8,4
1415133553290487,815129911290487,44,1,7,113.0,2022,3.0,1,TT,2,4,2023-08-28 14:17:21,,8,4
1415133554290487,815129911290487,44,1,7,113.0,2022,3.0,1,TT,3,20,2023-08-28 14:17:21,,8,4
1415133555290487,815129911290487,44,1,7,113.0,2022,3.0,1,TT,4,95,2023-08-28 14:17:21,,8,4
1415133556290487,815129911290487,44,1,7,113.0,2022,3.0,1,TT,5,95,2023-08-28 14:17:21,,8,4
1415133597290487,815129911290487,44,1,7,113.0,2022,4.0,2,FB,1,1,2023-08-28 14:17:21,,8,4
1415133598290487,815129911290487,44,1,7,113.0,2022,4.0,2,FB,2,0,2023-08-28 14:17:21,,8,4
1415133599290487,815129911290487,44,1,7,113.0,2022,4.0,2,FB,3,0,2023-08-28 14:17:21,,8,4
1415133600290487,815129911290487,44,1,7,113.0,2022,4.0,2,FB,4,0,2023-08-28 14:17:21,,8,4
1415133601290487,815129911290487,44,1,7,113.0,2022,4.0,2,FB,5,1,2023-08-28 14:17:21,,8,4
1415133602290487,815129911290487,44,1,7,113.0,2022,4.0,2,GR,1,1,2023-08-28 14:17:21,,8,4
1415133603290487,815129911290487,44,1,7,113.0,2022,4.0,2,GR,2,0,2023-08-28 14:17:21,,8,4
1415133604290487,815129911290487,44,1,7,113.0,2022,4.0,2,GR,3,0,2023-08-28 14:17:21,,8,4
1415133605290487,815129911290487,44,1,7,113.0,2022,4.0,2,GR,4,0,2023-08-28 14:17:21,,8,4
1415133606290487,815129911290487,44,1,7,113.0,2022,4.0,2,GR,5,1,2023-08-28 14:17:21,,8,4
1415133587290487,815129911290487,44,1,7,113.0,2022,4.0,2,NT,1,0,2023-08-28 14:17:21,,8,4
1415133588290487,815129911290487,44,1,7,113.0,2022,4.0,2,NT,2,0,2023-08-28 14:17:21,,8,4
1415133589290487,815129911290487,44,1,7,113.0,2022,4.0,2,NT,3,0,2023-08-28 14:17:21,,8,4
1415133590290487,815129911290487,44,1,7,113.0,2022,4.0,2,NT,4,0,2023-08-28 14:17:21,,8,4
1415133591290487,815129911290487,44,1,7,113.0,2022,4.0,2,NT,5,0,2023-08-28 14:17:21,,8,4
1415133592290487,815129911290487,44,1,7,113.0,2022,4.0,2,SH,1,15,2023-08-28 14:17:21,,8,4
1415133593290487,815129911290487,44,1,7,113.0,2022,4.0,2,SH,2,20,2023-08-28 14:17:21,,8,4
1415133594290487,815129911290487,44,1,7,113.0,2022,4.0,2,SH,3,2,2023-08-28 14:17:21,,8,4
1415133595290487,815129911290487,44,1,7,113.0,2022,4.0,2,SH,4,0,2023-08-28 14:17:21,,8,4
1415133596290487,815129911290487,44,1,7,113.0,2022,4.0,2,SH,5,25,2023-08-28 14:17:21,,8,4
1415133582290487,815129911290487,44,1,7,113.0,2022,4.0,2,TT,1,2,2023-08-28 14:17:21,,8,4
1415133583290487,815129911290487,44,1,7,113.0,2022,4.0,2,TT,2,15,2023-08-28 14:17:21,,8,4
1415133584290487,815129911290487,44,1,7,113.0,2022,4.0,2,TT,3,45,2023-08-28 14:17:21,,8,4
1415133585290487,815129911290487,44,1,7,113.0,2022,4.0,2,TT,4,95,2023-08-28 14:17:21,,8,4
1415133586290487,815129911290487,44,1,7,113.0,2022,4.0,2,TT,5,95,2023-08-28 14:17:21,,8,4
1690400146290487,1097572177290487,44,1,7,47.0,2023,1.0,1,FB,1,36,2024-11-08 08:22:08,,8,5
1690400147290487,1097572177290487,44,1,7,47.0,2023,1.0,1,FB,2,2,2024-11-08 08:22:08,,8,5
1690400148290487,1097572177290487,44,1,7,47.0,2023,1.0,1,FB,3,0,2024-11-08 08:22:08,,8,5
1690400149290487,1097572177290487,44,1,7,47.0,2023,1.0,1,FB,4,0,2024-11-08 08:22:08,,8,5
1690400150290487,1097572177290487,44,1,7,47.0,2023,1.0,1,FB,5,36,2024-11-08 08:22:08,,8,5
1690400151290487,1097572177290487,44,1,7,47.0,2023,1.0,1,GR,1,3,2024-11-08 08:22:08,,8,5
1690400152290487,1097572177290487,44,1,7,47.0,2023,1.0,1,GR,2,0,2024-11-08 08:22:08,,8,5
1690400153290487,1097572177290487,44,1,7,47.0,2023,1.0,1,GR,3,0,2024-11-08 08:22:08,,8,5
1690400154290487,1097572177290487,44,1,7,47.0,2023,1.0,1,GR,4,0,2024-11-08 08:22:08,,8,5
1690400155290487,1097572177290487,44,1,7,47.0,2023,1.0,1,GR,5,3,2024-11-08 08:22:08,,8,5
1690400136290487,1097572177290487,44,1,7,47.0,2023,1.0,1,NT,1,0,2024-11-08 08:22:08,,8,5
1690400137290487,1097572177290487,44,1,7,47.0,2023,1.0,1,NT,2,0,2024-11-08 08:22:08,,8,5
1690400138290487,1097572177290487,44,1,7,47.0,2023,1.0,1,NT,3,0,2024-11-08 08:22:08,,8,5
1690400139290487,1097572177290487,44,1,7,47.0,2023,1.0,1,NT,4,0,2024-11-08 08:22:08,,8,5
1690400140290487,1097572177290487,44,1,7,47.0,2023,1.0,1,NT,5,0,2024-11-08 08:22:08,,8,5
1690400141290487,1097572177290487,44,1,7,47.0,2023,1.0,1,SH,1,17,2024-11-08 08:22:08,,8,5
1690400142290487,1097572177290487,44,1,7,47.0,2023,1.0,1,SH,2,20,2024-11-08 08:22:08,,8,5
1690400143290487,1097572177290487,44,1,7,47.0,2023,1.0,1,SH,3,3,2024-11-08 08:22:08,,8,5
1690400144290487,1097572177290487,44,1,7,47.0,2023,1.0,1,SH,4,0,2024-11-08 08:22:08,,8,5
1690400145290487,1097572177290487,44,1,7,47.0,2023,1.0,1,SH,5,25,2024-11-08 08:22:08,,8,5
1690400131290487,1097572177290487,44,1,7,47.0,2023,1.0,1,TT,1,10,2024-11-08 08:22:08,,8,5
1690400132290487,1097572177290487,44,1,7,47.0,2023,1.0,1,TT,2,60,2024-11-08 08:22:08,,8,5
1690400133290487,1097572177290487,44,1,7,47.0,2023,1.0,1,TT,3,70,2024-11-08 08:22:08,,8,5
1690400134290487,1097572177290487,44,1,7,47.0,2023,1.0,1,TT,4,85,2024-11-08 08:22:08,,8,5
1690400135290487,1097572177290487,44,1,7,47.0,2023,1.0,1,TT,5,95,2024-11-08 08:22:08,,8,5
1690400176290487,1097572177290487,44,1,7,47.0,2023,2.0,1,FB,1,20,2024-11-08 08:22:08,,8,5
1690400177290487,1097572177290487,44,1,7,47.0,2023,2.0,1,FB,2,6,2024-11-08 08:22:08,,8,5
1690400178290487,1097572177290487,44,1,7,47.0,2023,2.0,1,FB,3,0,2024-11-08 08:22:08,,8,5
1690400179290487,1097572177290487,44,1,7,47.0,2023,2.0,1,FB,4,0,2024-11-08 08:22:08,,8,5
1690400180290487,1097572177290487,44,1,7,47.0,2023,2.0,1,FB,5,20,2024-11-08 08:22:08,,8,5
1690400181290487,1097572177290487,44,1,7,47.0,2023,2.0,1,GR,1,1,2024-11-08 08:22:08,,8,5
1690400182290487,1097572177290487,44,1,7,47.0,2023,2.0,1,GR,2,0,2024-11-08 08:22:08,,8,5
1690400183290487,1097572177290487,44,1,7,47.0,2023,2.0,1,GR,3,0,2024-11-08 08:22:08,,8,5
1690400184290487,1097572177290487,44,1,7,47.0,2023,2.0,1,GR,4,0,2024-11-08 08:22:08,,8,5
1690400185290487,1097572177290487,44,1,7,47.0,2023,2.0,1,GR,5,1,2024-11-08 08:22:08,,8,5
1690400166290487,1097572177290487,44,1,7,47.0,2023,2.0,1,NT,1,0,2024-11-08 08:22:08,,8,5
1690400167290487,1097572177290487,44,1,7,47.0,2023,2.0,1,NT,2,0,2024-11-08 08:22:08,,8,5
1690400168290487,1097572177290487,44,1,7,47.0,2023,2.0,1,NT,3,0,2024-11-08 08:22:08,,8,5
1690400169290487,1097572177290487,44,1,7,47.0,2023,2.0,1,NT,4,0,2024-11-08 08:22:08,,8,5
1690400170290487,1097572177290487,44,1,7,47.0,2023,2.0,1,NT,5,0,2024-11-08 08:22:08,,8,5
1690400171290487,1097572177290487,44,1,7,47.0,2023,2.0,1,SH,1,27,2024-11-08 08:22:08,,8,5
1690400172290487,1097572177290487,44,1,7,47.0,2023,2.0,1,SH,2,25,2024-11-08 08:22:08,,8,5
1690400173290487,1097572177290487,44,1,7,47.0,2023,2.0,1,SH,3,5,2024-11-08 08:22:08,,8,5
1690400174290487,1097572177290487,44,1,7,47.0,2023,2.0,1,SH,4,0,2024-11-08 08:22:08,,8,5
1690400175290487,1097572177290487,44,1,7,47.0,2023,2.0,1,SH,5,30,2024-11-08 08:22:08,,8,5
1690400161290487,1097572177290487,44,1,7,47.0,2023,2.0,1,TT,1,3,2024-11-08 08:22:08,,8,5
1690400162290487,1097572177290487,44,1,7,47.0,2023,2.0,1,TT,2,25,2024-11-08 08:22:08,,8,5
1690400163290487,1097572177290487,44,1,7,47.0,2023,2.0,1,TT,3,40,2024-11-08 08:22:08,,8,5
1690400164290487,1097572177290487,44,1,7,47.0,2023,2.0,1,TT,4,85,2024-11-08 08:22:08,,8,5
1690400165290487,1097572177290487,44,1,7,47.0,2023,2.0,1,TT,5,95,2024-11-08 08:22:08,,8,5
1690400206290487,1097572177290487,44,1,7,47.0,2023,3.0,1,FB,1,81,2024-11-08 08:22:08,,8,5
1690400207290487,1097572177290487,44,1,7,47.0,2023,3.0,1,FB,2,5,2024-11-08 08:22:08,,8,5
1690400208290487,1097572177290487,44,1,7,47.0,2023,3.0,1,FB,3,0,2024-11-08 08:22:08,,8,5
1690400209290487,1097572177290487,44,1,7,47.0,2023,3.0,1,FB,4,0,2024-11-08 08:22:08,,8,5
1690400210290487,1097572177290487,44,1,7,47.0,2023,3.0,1,FB,5,81,2024-11-08 08:22:08,,8,5
1690400211290487,1097572177290487,44,1,7,47.0,2023,3.0,1,GR,1,1,2024-11-08 08:22:08,,8,5
1690400212290487,1097572177290487,44,1,7,47.0,2023,3.0,1,GR,2,0,2024-11-08 08:22:08,,8,5
1690400213290487,1097572177290487,44,1,7,47.0,2023,3.0,1,GR,3,0,2024-11-08 08:22:08,,8,5
1690400214290487,1097572177290487,44,1,7,47.0,2023,3.0,1,GR,4,0,2024-11-08 08:22:08,,8,5
1690400215290487,1097572177290487,44,1,7,47.0,2023,3.0,1,GR,5,1,2024-11-08 08:22:08,,8,5
1690400196290487,1097572177290487,44,1,7,47.0,2023,3.0,1,NT,1,0,2024-11-08 08:22:08,,8,5
1690400197290487,1097572177290487,44,1,7,47.0,2023,3.0,1,NT,2,0,2024-11-08 08:22:08,,8,5
1690400198290487,1097572177290487,44,1,7,47.0,2023,3.0,1,NT,3,0,2024-11-08 08:22:08,,8,5
1690400199290487,1097572177290487,44,1,7,47.0,2023,3.0,1,NT,4,0,2024-11-08 08:22:08,,8,5
1690400200290487,1097572177290487,44,1,7,47.0,2023,3.0,1,NT,5,0,2024-11-08 08:22:08,,8,5
1690400201290487,1097572177290487,44,1,7,47.0,2023,3.0,1,SH,1,5,2024-11-08 08:22:08,,8,5
1690400202290487,1097572177290487,44,1,7,47.0,2023,3.0,1,SH,2,10,2024-11-08 08:22:08,,8,5
1690400203290487,1097572177290487,44,1,7,47.0,2023,3.0,1,SH,3,2,2024-11-08 08:22:08,,8,5
1690400204290487,1097572177290487,44,1,7,47.0,2023,3.0,1,SH,4,0,2024-11-08 08:22:08,,8,5
1690400205290487,1097572177290487,44,1,7,47.0,2023,3.0,1,SH,5,11,2024-11-08 08:22:08,,8,5
1690400191290487,1097572177290487,44,1,7,47.0,2023,3.0,1,TT,1,3,2024-11-08 08:22:08,,8,5
1690400192290487,1097572177290487,44,1,7,47.0,2023,3.0,1,TT,2,15,2024-11-08 08:22:08,,8,5
1690400193290487,1097572177290487,44,1,7,47.0,2023,3.0,1,TT,3,40,2024-11-08 08:22:08,,8,5
1690400194290487,1097572177290487,44,1,7,47.0,2023,3.0,1,TT,4,80,2024-11-08 08:22:08,,8,5
1690400195290487,1097572177290487,44,1,7,47.0,2023,3.0,1,TT,5,90,2024-11-08 08:22:08,,8,5
1690400236290487,1097572177290487,44,1,7,47.0,2023,4.0,1,FB,1,75,2024-11-08 08:22:08,,8,5
1690400237290487,1097572177290487,44,1,7,47.0,2023,4.0,1,FB,2,5,2024-11-08 08:22:08,,8,5
1690400238290487,1097572177290487,44,1,7,47.0,2023,4.0,1,FB,3,0,2024-11-08 08:22:08,,8,5
1690400239290487,1097572177290487,44,1,7,47.0,2023,4.0,1,FB,4,0,2024-11-08 08:22:08,,8,5
1690400240290487,1097572177290487,44,1,7,47.0,2023,4.0,1,FB,5,75,2024-11-08 08:22:08,,8,5
1690400241290487,1097572177290487,44,1,7,47.0,2023,4.0,1,GR,1,1,2024-11-08 08:22:08,,8,5
1690400242290487,1097572177290487,44,1,7,47.0,2023,4.0,1,GR,2,0,2024-11-08 08:22:08,,8,5
1690400243290487,1097572177290487,44,1,7,47.0,2023,4.0,1,GR,3,0,2024-11-08 08:22:08,,8,5
1690400244290487,1097572177290487,44,1,7,47.0,2023,4.0,1,GR,4,0,2024-11-08 08:22:08,,8,5
1690400245290487,1097572177290487,44,1,7,47.0,2023,4.0,1,GR,5,1,2024-11-08 08:22:08,,8,5
1690400226290487,1097572177290487,44,1,7,47.0,2023,4.0,1,NT,1,0,2024-11-08 08:22:08,,8,5
1690400227290487,1097572177290487,44,1,7,47.0,2023,4.0,1,NT,2,0,2024-11-08 08:22:08,,8,5
1690400228290487,1097572177290487,44,1,7,47.0,2023,4.0,1,NT,3,0,2024-11-08 08:22:08,,8,5
1690400229290487,1097572177290487,44,1,7,47.0,2023,4.0,1,NT,4,0,2024-11-08 08:22:08,,8,5
1690400230290487,1097572177290487,44,1,7,47.0,2023,4.0,1,NT,5,0,2024-11-08 08:22:08,,8,5
1690400231290487,1097572177290487,44,1,7,47.0,2023,4.0,1,SH,1,25,2024-11-08 08:22:08,,8,5
1690400232290487,1097572177290487,44,1,7,47.0,2023,4.0,1,SH,2,20,2024-11-08 08:22:08,,8,5
1690400233290487,1097572177290487,44,1,7,47.0,2023,4.0,1,SH,3,5,2024-11-08 08:22:08,,8,5
1690400234290487,1097572177290487,44,1,7,47.0,2023,4.0,1,SH,4,1,2024-11-08 08:22:08,,8,5
1690400235290487,1097572177290487,44,1,7,47.0,2023,4.0,1,SH,5,30,2024-11-08 08:22:08,,8,5
1690400221290487,1097572177290487,44,1,7,47.0,2023,4.0,1,TT,1,5,2024-11-08 08:22:08,,8,5
1690400222290487,1097572177290487,44,1,7,47.0,2023,4.0,1,TT,2,20,2024-11-08 08:22:08,,8,5
1690400225290487,1097572177290487,44,1,7,47.0,2023,4.0,1,TT,5,95,2024-11-08 08:22:08,,8,5
1690400223290487,1097572177290487,44,1,7,47.0,2023,4.0,1,TT,3,45,2024-11-08 08:22:08,,8,5
1690400224290487,1097572177290487,44,1,7,47.0,2023,4.0,1,TT,4,90,2024-11-08 08:22:08,,8,5
1814703873290487,1285511431290487,44,1,5,102.0,2024,2.0,2,FB,1,5,2025-03-18 11:48:28,,8,6
1814703874290487,1285511431290487,44,1,5,102.0,2024,2.0,2,FB,2,0,2025-03-18 11:48:28,,8,6
1814703875290487,1285511431290487,44,1,5,102.0,2024,2.0,2,FB,3,0,2025-03-18 11:48:28,,8,6
1814703876290487,1285511431290487,44,1,5,102.0,2024,2.0,2,FB,4,0,2025-03-18 11:48:28,,8,6
1814703877290487,1285511431290487,44,1,5,102.0,2024,2.0,2,FB,5,5,2025-03-18 11:48:28,,8,6
1814703878290487,1285511431290487,44,1,5,102.0,2024,2.0,2,GR,1,22,2025-03-18 11:48:28,,8,6
1814703879290487,1285511431290487,44,1,5,102.0,2024,2.0,2,GR,2,1,2025-03-18 11:48:28,,8,6
1814703880290487,1285511431290487,44,1,5,102.0,2024,2.0,2,GR,3,0,2025-03-18 11:48:28,,8,6
1814703881290487,1285511431290487,44,1,5,102.0,2024,2.0,2,GR,4,0,2025-03-18 11:48:28,,8,6
1814703882290487,1285511431290487,44,1,5,102.0,2024,2.0,2,GR,5,22,2025-03-18 11:48:28,,8,6
1814703863290487,1285511431290487,44,1,5,102.0,2024,2.0,2,NT,1,0,2025-03-18 11:48:28,,8,6
1814703864290487,1285511431290487,44,1,5,102.0,2024,2.0,2,NT,2,0,2025-03-18 11:48:28,,8,6
1814703865290487,1285511431290487,44,1,5,102.0,2024,2.0,2,NT,3,0,2025-03-18 11:48:28,,8,6
1814703866290487,1285511431290487,44,1,5,102.0,2024,2.0,2,NT,4,0,2025-03-18 11:48:28,,8,6
1814703867290487,1285511431290487,44,1,5,102.0,2024,2.0,2,NT,5,0,2025-03-18 11:48:28,,8,6
1814703868290487,1285511431290487,44,1,5,102.0,2024,2.0,2,SH,1,10,2025-03-18 11:48:28,,8,6
1814703869290487,1285511431290487,44,1,5,102.0,2024,2.0,2,SH,2,25,2025-03-18 11:48:28,,8,6
1814703870290487,1285511431290487,44,1,5,102.0,2024,2.0,2,SH,3,10,2025-03-18 11:48:28,,8,6
1814703871290487,1285511431290487,44,1,5,102.0,2024,2.0,2,SH,4,1,2025-03-18 11:48:28,,8,6
1814703872290487,1285511431290487,44,1,5,102.0,2024,2.0,2,SH,5,30,2025-03-18 11:48:28,,8,6
1814703858290487,1285511431290487,44,1,5,102.0,2024,2.0,2,TT,1,1,2025-03-18 11:48:28,,8,6
1814703859290487,1285511431290487,44,1,5,102.0,2024,2.0,2,TT,2,5,2025-03-18 11:48:28,,8,6
1814703860290487,1285511431290487,44,1,5,102.0,2024,2.0,2,TT,3,15,2025-03-18 11:48:28,,8,6
1814703861290487,1285511431290487,44,1,5,102.0,2024,2.0,2,TT,4,65,2025-03-18 11:48:28,,8,6
1814703862290487,1285511431290487,44,1,5,102.0,2024,2.0,2,TT,5,75,2025-03-18 11:48:28,,8,6
